AÑO CERTIFICACION,AÑO SOLICITUD,N° CERTIFICADO,COD. CER LUGAR,COD. SOLICITUD,N° INSPECCION,SEDE,DEPARTAMENTO,PROVINCIA,DISTRITO,SECTOR,SUB SECTOR,VALLE,NOMENCLATURA,COD LUGAR PROD,EXPEDIENTE,N° DOCUMENTO,NOMBRE CIENTIFICO,CULTIVO,DESCRIPCIÓN CULTIVO,HOSPEDANTE,AREA SOLICITADA,AREA TOTAL (HA),AREA CERTIFICAR (HA),RENDIMIENTO (t/ha),LATITUD,LONGITUD,FECHA SOLICITUD,FEC. INSPECCIÓN,FEC INICIO ACT,FEC. FIN ACT,FEC VENCIMIENTO,FECHA EMISION,N° CAMPAÑA,TIPO PROD,RENDIMIENTO CERTIFICADO,RENDIMIENTO SOLICITUD,MES SOLICITUD,MES CERTIFICACION,ESTADO EXPEDIENTE,NUM FOLIO,ESTADO CERTIFICADO
2025,2025,16898,16202502592,16202518559,16202518558,ICA,ICA,ICA,SANTIAGO,BAJO,SANTIAGO,ICA,MINAGRI-SENASA-DEICA,016-02125-01,2.5018E+11,JURIDICA,Asparagus officinalis,"ESPARRAGO, fresco",NULL,NULL,75,15.5,15.5,5.5,NULL,NULL,08/05/2025,30/05/2025,01/06/2025,31/10/2025,15/11/2025,02/06/2025,NULL,J,20.3,25,May,Jun,ACTIVO,0,APROBADO
2025,2025,16898,16202502592,16202518559,16202518558,ICA,ICA,ICA,SANTIAGO,BAJO,SANTIAGO,ICA,MINAGRI-SENASA-DEICA,016-02125-01,2.5018E+11,JURIDICA,Asparagus officinalis,"ESPARRAGO, fresco",NULL,NULL,75,15.5,15.5,7.1,NULL,NULL,08/05/2025,30/05/2025,01/06/2025,31/10/2025,15/11/2025,02/06/2025,NULL,J,20.3,25,May,Jun,ACTIVO,0,APROBADO
2025,2025,16898,16202502592,16202518559,16202518558,ICA,ICA,ICA,SANTIAGO,BAJO,SANTIAGO,ICA,MINAGRI-SENASA-DEICA,016-02125-01,2.5018E+11,JURIDICA,Asparagus officinalis,"ESPARRAGO, fresco",NULL,NULL,75,44,44,7.7,NULL,NULL,08/05/2025,30/05/2025,01/06/2025,31/10/2025,15/11/2025,02/06/2025,NULL,J,20.3,25,May,Jun,ACTIVO,0,APROBADO
2025,2025,16899,16202502593,16202518548,16202518547,ICA,ICA,CHINCHA,EL CARMEN,SUR,EL CARMEN,CHINCHA,MINAGRI-SENASA-DEICA,016-00279-01,2.5018E+11,JURIDICA,Citrus reticulata,"MANDARINA, fruto  fresco",TANGO,MANDARINO,49,49,49,69.6,NULL,NULL,05/05/2025,30/05/2025,12/05/2025,31/10/2025,31/10/2025,02/06/2025,NULL,J,69.6,70,May,Jun,ACTIVO,0,APROBADO
2025,2025,16900,16202502594,16202518635,16202518634,ICA,ICA,PISCO,PARACAS,LANCHAS,PARACAS,PISCO,MINAGRI-SENASA-DEICA,016-41724-02,2.5018E+11,JURIDICA,Vaccinium corymbosum,"ARANDANO, fruto fresco",RIDLEY 1602 (EUREKA SUNRISE),ARÁNDANO,101.2,101.2,101.2,35.38,NULL,NULL,19/05/2025,28/05/2025,26/05/2025,31/01/2026,31/01/2026,02/06/2025,NULL,J,35.38,33,May,Jun,ACTIVO,0,APROBADO
2025,2025,16901,16202502595,16202518634,16202518633,ICA,ICA,PISCO,PARACAS,LANCHAS,PARACAS,PISCO,MINAGRI-SENASA-DEICA,016-41724-01,2.5018E+11,JURIDICA,Vaccinium corymbosum,"ARANDANO, fruto fresco",FIRST BLUSH,ARÁNDANO,100.06,8.86,8.86,26.32,NULL,NULL,19/05/2025,29/05/2025,26/05/2025,31/01/2026,31/01/2026,02/06/2025,NULL,J,152.32,155,May,Jun,ACTIVO,0,APROBADO
2025,2025,16901,16202502595,16202518634,16202518633,ICA,ICA,PISCO,PARACAS,LANCHAS,PARACAS,PISCO,MINAGRI-SENASA-DEICA,016-41724-01,2.5018E+11,JURIDICA,Vaccinium corymbosum,"ARANDANO, fruto fresco",RIDLEY 1403 (EUREKA),ARÁNDANO,100.06,35.5,35.5,45.12,NULL,NULL,19/05/2025,29/05/2025,26/05/2025,31/01/2026,31/01/2026,02/06/2025,NULL,J,152.32,155,May,Jun,ACTIVO,0,APROBADO
2025,2025,16901,16202502595,16202518634,16202518633,ICA,ICA,PISCO,PARACAS,LANCHAS,PARACAS,PISCO,MINAGRI-SENASA-DEICA,016-41724-01,2.5018E+11,JURIDICA,Vaccinium corymbosum,"ARANDANO, fruto fresco",RIDLEY 1602 (EUREKA SUNRISE),ARÁNDANO,100.06,50.4,50.4,46.23,NULL,NULL,19/05/2025,29/05/2025,26/05/2025,31/01/2026,31/01/2026,02/06/2025,NULL,J,152.32,155,May,Jun,ACTIVO,0,APROBADO
2025,2025,16901,16202502595,16202518634,16202518633,ICA,ICA,PISCO,PARACAS,LANCHAS,PARACAS,PISCO,MINAGRI-SENASA-DEICA,016-41724-01,2.5018E+11,JURIDICA,Vaccinium corymbosum,"ARANDANO, fruto fresco",RIDLEY 1607 (EUREKA SUNSET),ARÁNDANO,100.06,5.3,5.3,34.65,NULL,NULL,19/05/2025,29/05/2025,26/05/2025,31/01/2026,31/01/2026,02/06/2025,NULL,J,152.32,155,May,Jun,ACTIVO,0,APROBADO
2025,2025,16903,16202502597,16202518670,16202518669,ICA,ICA,ICA,SALAS,SUR,SUR,VILLACURI,MINAGRI-SENASA-DEICA,016-38621-02,2.5018E+11,JURIDICA,Citrus reticulata,"MANDARINA, fruto fresco.",TANGO,MANDARINO,18.88,4.9,4.9,60,NULL,NULL,22/05/2025,29/05/2025,10/06/2024,31/10/2025,30/11/2025,02/06/2025,NULL,J,120,120,May,Jun,ACTIVO,0,APROBADO
2025,2025,16903,16202502597,16202518670,16202518669,ICA,ICA,ICA,SALAS,SUR,SUR,VILLACURI,MINAGRI-SENASA-DEICA,016-38621-02,2.5018E+11,JURIDICA,Citrus reticulata,"MANDARINA, fruto fresco.","W. MURCOTT (AFOURER, NADORCOTT)",MANDARINO,18.88,13.98,13.98,60,NULL,NULL,22/05/2025,29/05/2025,10/06/2024,31/10/2025,30/11/2025,02/06/2025,NULL,J,120,120,May,Jun,ACTIVO,0,APROBADO
2025,2025,16904,16202502598,16202518638,16202518637,ICA,ICA,PISCO,PARACAS,LANCHAS,PARACAS,PISCO,MINAGRI-SENASA-DEICA,016-41724-03,2.5018E+11,JURIDICA,Vaccinium corymbosum,"ARANDANO, fruto fresco",RIDLEY 1602 (EUREKA SUNRISE),ARÁNDANO,100.17,20,20,41.95,NULL,NULL,19/05/2025,27/05/2025,26/05/2025,31/01/2026,31/01/2026,02/06/2025,NULL,J,111.72,111,May,Jun,ACTIVO,0,APROBADO
2025,2025,16904,16202502598,16202518638,16202518637,ICA,ICA,PISCO,PARACAS,LANCHAS,PARACAS,PISCO,MINAGRI-SENASA-DEICA,016-41724-03,2.5018E+11,JURIDICA,Vaccinium corymbosum,"ARANDANO, fruto fresco",RIDLEY 1702 (EUREKA GOLD),ARÁNDANO,100.17,78.5,78.5,38.13,NULL,NULL,19/05/2025,27/05/2025,26/05/2025,31/01/2026,31/01/2026,02/06/2025,NULL,J,111.72,111,May,Jun,ACTIVO,0,APROBADO
2025,2025,16904,16202502598,16202518638,16202518637,ICA,ICA,PISCO,PARACAS,LANCHAS,PARACAS,PISCO,MINAGRI-SENASA-DEICA,016-41724-03,2.5018E+11,JURIDICA,Vaccinium corymbosum,"ARANDANO, fruto fresco",RIDLEY 2503 (EUREKA MAXX),ARÁNDANO,100.17,1.67,1.67,31.64,NULL,NULL,19/05/2025,27/05/2025,26/05/2025,31/01/2026,31/01/2026,02/06/2025,NULL,J,111.72,111,May,Jun,ACTIVO,0,APROBADO
2025,2025,16905,16202502599,16202518652,16202518651,ICA,ICA,ICA,SUBTANJALLA,ALTA,SUBTANJALLA,ICA,MINAGRI-SENASA-DEICA,016-36919-04,2.5018E+11,JURIDICA,Citrus reticulata,"MANDARINA, fruto  fresco",TANGO,MANDARINO,100,100,100,75,NULL,NULL,20/05/2025,27/05/2025,26/05/2025,30/11/2025,30/11/2025,02/06/2025,NULL,J,75,75,May,Jun,ACTIVO,0,APROBADO
2025,2025,16906,16202502600,16202518698,16202518697,ICA,ICA,PISCO,HUMAY,ALTO,HUMAY,PISCO,MINAGRI-SENASA-DEICA,016-51611-02,2.5018E+11,JURIDICA,Vaccinium corymbosum,"ARANDANO, fruto fresco",DRISBLUETWENTYSIX (RAYMI),ARÁNDANO,27.15,30,27.15,14.5,NULL,NULL,27/05/2025,31/05/2025,05/06/2025,29/01/2026,31/01/2026,02/06/2025,NULL,J,14.5,15,May,Jun,ACTIVO,0,APROBADO
2025,2025,16907,16202502601,16202518534,16202518533,ICA,ICA,CHINCHA,CHINCHA BAJA,SUR,CHINCHA BAJA,CHINCHA,MINAGRI-SENASA-DEICA,016-00371-01,2.5018E+11,JURIDICA,Citrus reticulata,"MANDARINA, fruto  fresco","W. MURCOTT (AFOURER, NADORCOTT)",MANDARINO,39.99,39.99,39.99,41.5,NULL,NULL,28/04/2025,28/05/2025,15/05/2025,30/09/2025,31/10/2025,02/06/2025,NULL,J,41.5,42,Abr,Jun,ACTIVO,0,APROBADO
2025,2025,16908,16202502602,16202518654,16202518653,ICA,ICA,PISCO,TUPAC AMARU INCA,BAJO,TUPAC AMARU,PISCO,MINAGRI-SENASA-DEICA,016-39973-04,2.5085E+11,JURIDICA,Citrus reticulata,"MANDARINA, fruto  fresco",TANGO,MANDARINO,90,90,90,48,NULL,NULL,20/05/2025,30/05/2025,27/05/2025,30/10/2025,30/11/2025,02/06/2025,NULL,J,48,30,May,Jun,ACTIVO,0,APROBADO
2025,2025,16909,16202502603,16202518620,16202518619,ICA,ICA,CHINCHA,EL CARMEN,SUR,EL CARMEN,CHINCHA,MINAGRI-SENASA-DEICA,016-40006-01,2.5083E+11,JURIDICA,Citrus reticulata,"MANDARINA, fruto  fresco","W. MURCOTT (AFOURER, NADORCOTT)",MANDARINO,13.9,14,13.9,56.84,NULL,NULL,14/05/2025,31/05/2025,23/05/2025,11/08/2025,31/10/2025,02/06/2025,NULL,J,56.84,51,May,Jun,ACTIVO,0,APROBADO
2025,2025,16910,16202502604,16202518693,16202518692,ICA,ICA,PISCO,SAN CLEMENTE,BAJO,SAN CLEMENTE,PISCO,MINAGRI-SENASA-DEICA,016-40416-01,2.5085E+11,NATURAL,Asparagus officinalis,"ESPARRAGO, fresco",NULL,NULL,5,5,5,7,NULL,NULL,27/05/2025,29/05/2025,01/06/2025,30/07/2025,31/07/2025,03/06/2025,NULL,N,7,6,May,Jun,ACTIVO,4,APROBADO
2025,2025,16911,16202502605,16202518467,16202518466,ICA,ICA,ICA,PUEBLO NUEVO,MEDIA,PUEBLO NUEVO,ICA,MINAGRI-SENASA-DEICA,016-43230-01,2.5018E+11,JURIDICA,Persea americana,"PALTA, fruto fresco",HASS,PALTO,11,11,11,25,NULL,NULL,14/04/2025,09/05/2025,18/04/2025,29/08/2025,30/11/2025,03/06/2025,NULL,J,25,35,Abr,Jun,ACTIVO,0,APROBADO
2025,2025,16912,16202502606,16202518637,16202518636,ICA,ICA,PISCO,PARACAS,LANCHAS,PARACAS,PISCO,MINAGRI-SENASA-DEICA,016-41724-04,2.5018E+11,JURIDICA,Vaccinium corymbosum,"ARANDANO, fruto fresco",RIDLEY 1602 (EUREKA SUNRISE),ARÁNDANO,94.5,66.8,66.8,28.63,NULL,NULL,19/05/2025,26/05/2025,26/05/2025,31/01/2026,31/01/2026,03/06/2025,NULL,J,60.46,60,May,Jun,ACTIVO,0,APROBADO
2025,2025,16912,16202502606,16202518637,16202518636,ICA,ICA,PISCO,PARACAS,LANCHAS,PARACAS,PISCO,MINAGRI-SENASA-DEICA,016-41724-04,2.5018E+11,JURIDICA,Vaccinium corymbosum,"ARANDANO, fruto fresco",RIDLEY 1607 (EUREKA SUNSET),ARÁNDANO,94.5,27.7,27.7,31.83,NULL,NULL,19/05/2025,26/05/2025,26/05/2025,31/01/2026,31/01/2026,03/06/2025,NULL,J,60.46,60,May,Jun,ACTIVO,0,APROBADO
2025,2025,16913,16202502607,16202518619,16202518618,ICA,ICA,CHINCHA,EL CARMEN,SUR,EL CARMEN,CHINCHA,MINAGRI-SENASA-DEICA,016-40006-04,2.5083E+11,JURIDICA,Citrus reticulata,"MANDARINA, fruto  fresco","W. MURCOTT (AFOURER, NADORCOTT)",MANDARINO,11.02,12,11.02,61.05,NULL,NULL,14/05/2025,31/05/2025,26/05/2025,11/08/2025,31/10/2025,04/06/2025,NULL,J,61.05,50,May,Jun,ACTIVO,0,APROBADO
2025,2025,16914,16202502608,16202518618,16202518617,ICA,ICA,CHINCHA,EL CARMEN,SUR,EL CARMEN,CHINCHA,MINAGRI-SENASA-DEICA,016-40006-02,2.5083E+11,JURIDICA,Citrus reticulata,"MANDARINA, fruto  fresco","W. MURCOTT (AFOURER, NADORCOTT)",MANDARINO,5.27,6,5.27,50.41,NULL,NULL,14/05/2025,31/05/2025,23/05/2025,11/08/2025,31/10/2025,04/06/2025,NULL,J,50.41,51,May,Jun,ACTIVO,0,APROBADO
2025,2025,16915,16202502609,16202518515,16202518514,ICA,ICA,CHINCHA,CHINCHA BAJA,SUR,CHINCHA BAJA,CHINCHA,MINAGRI-SENASA-DEICA,016-54099-01,2.5083E+11,NATURAL,Persea americana,"PALTA, fruto fresco",HASS,PALTO,13.7,13.7,13.7,12.04,NULL,NULL,24/04/2025,30/05/2025,31/03/2025,30/06/2025,31/08/2025,04/06/2025,NULL,N,12.04,25,Abr,Jun,ACTIVO,9,APROBADO
2025,2025,16916,16202502610,16202518699,16202518698,ICA,ICA,CHINCHA,EL CARMEN,SUR,EL CARMEN,CHINCHA,MINAGRI-SENASA-DEICA,016-00195-08,2.5018E+11,JURIDICA,Citrus reticulata,"MANDARINA, fruto  fresco","W. MURCOTT (AFOURER, NADORCOTT)",MANDARINO,17.83,17.83,17.83,65.2,NULL,NULL,28/05/2025,03/06/2025,09/06/2025,22/09/2025,31/10/2025,04/06/2025,NULL,J,65.2,65,May,Jun,ACTIVO,0,APROBADO
2025,2025,16917,16202502611,16202518703,16202518702,ICA,ICA,CHINCHA,EL CARMEN,SUR,EL CARMEN,CHINCHA,MINAGRI-SENASA-DEICA,016-00195-02,2.5018E+11,JURIDICA,Citrus reticulata,"MANDARINA, fruto  fresco","W. MURCOTT (AFOURER, NADORCOTT)",MANDARINO,27.79,27.79,27.79,75,NULL,NULL,28/05/2025,03/06/2025,09/06/2025,22/09/2025,31/10/2025,04/06/2025,NULL,J,75,75,May,Jun,ACTIVO,0,APROBADO
2025,2025,16918,16202502612,16202518644,16202518643,ICA,ICA,CHINCHA,EL CARMEN,SUR,EL CARMEN,CHINCHA,MINAGRI-SENASA-DEICA,016-14295-01,2.5083E+11,NATURAL,Citrus reticulata,"MANDARINA, fruto  fresco","W. MURCOTT (AFOURER, NADORCOTT)",MANDARINO,3,3,3,24,NULL,NULL,20/05/2025,31/05/2025,10/06/2025,30/10/2025,31/10/2025,04/06/2025,NULL,N,24,40,May,Jun,ACTIVO,5,APROBADO
2025,2025,16919,16202502613,16202518671,16202518670,ICA,ICA,ICA,LOS AQUIJES,MEDIA,LOS AQUIJES,ICA,MINAGRI-SENASA-DEICA,016-38621-03,2.5085E+11,JURIDICA,Citrus reticulata,"MANDARINA, fruto fresco.",TANGO,MANDARINO,11.28,5.04,5.04,66,NULL,NULL,22/05/2025,29/05/2025,10/06/2025,31/10/2025,31/10/2025,04/06/2025,NULL,J,141.4,130,May,Jun,ACTIVO,0,APROBADO
2025,2025,16919,16202502613,16202518671,16202518670,ICA,ICA,ICA,LOS AQUIJES,MEDIA,LOS AQUIJES,ICA,MINAGRI-SENASA-DEICA,016-38621-03,2.5085E+11,JURIDICA,Citrus reticulata,"MANDARINA, fruto fresco.","W. MURCOTT (AFOURER, NADORCOTT)",MANDARINO,11.28,6.24,6.24,75.4,NULL,NULL,22/05/2025,29/05/2025,10/06/2025,31/10/2025,31/10/2025,04/06/2025,NULL,J,141.4,130,May,Jun,ACTIVO,0,APROBADO
2025,2025,16920,16202502614,16202518685,16202518684,ICA,ICA,ICA,SANTIAGO,BAJO,SANTIAGO,ICA,MINAGRI-SENASA-DEICA,016-00797-01,2.5018E+11,JURIDICA,Citrus reticulata,"MANDARINA, fruto  fresco",TANGO,MANDARINO,23.8,23.8,23.8,40.4,NULL,NULL,24/05/2025,31/05/2025,09/06/2025,31/07/2025,31/07/2025,04/06/2025,NULL,J,40.4,30,May,Jun,ACTIVO,0,APROBADO
2025,2025,16921,16202502615,16202518723,16202518722,ICA,ICA,PISCO,PARACAS,LANCHAS,PARACAS,PISCO,MINAGRI-SENASA-DEICA,016-00079-09,2.5018E+11,JURIDICA,Citrus latifolia,"LIMON TAHITI (Lima tahiti), fruto fresco",S/N,LIMON TAHITI,12.7,12.7,12.7,2.8,NULL,NULL,30/05/2025,03/06/2025,09/06/2025,30/11/2025,30/11/2025,05/06/2025,NULL,J,2.8,2.5,May,Jun,ACTIVO,0,APROBADO
2025,2025,16922,16202502616,16202518630,16202518629,ICA,ICA,NAZCA,VISTA ALEGRE,VISTA ALEGRE,TARUGA,NAZCA,MINAGRI-SENASA-DEICA,016-53977-01,2.5018E+11,JURIDICA,Carya illinoinensis,"PECANA, con cáscara secado al natural",MAHAN,PECANO,13,13,13,2.05,NULL,NULL,18/05/2025,27/05/2025,22/05/2025,30/11/2025,30/11/2025,05/06/2025,NULL,J,2.05,3.8,May,Jun,ACTIVO,0,APROBADO
2025,2025,16923,16202502617,16202518713,16202518712,ICA,ICA,ICA,SANTIAGO,BAJO,SANTIAGO,ICA,MINAGRI-SENASA-DEICA,016-54216-01,2.5018E+11,NATURAL,Carya illinoinensis,"PECANA, con cáscara secado al natural",S/N,PECANO,84.67,84.67,84.67,3.14,NULL,NULL,29/05/2025,04/06/2025,02/06/2025,15/09/2025,15/09/2025,05/06/2025,NULL,N,3.14,3,May,Jun,ACTIVO,5,APROBADO
2025,2025,16924,16202502618,16202518714,16202518713,ICA,ICA,ICA,SANTIAGO,BAJO,SANTIAGO,ICA,MINAGRI-SENASA-DEICA,016-54216-02,2.5018E+11,NATURAL,Carya illinoinensis,"PECANA, con cáscara secado al natural",S/N,PECANO,24.19,24.19,24.19,2.4,NULL,NULL,29/05/2025,02/06/2025,02/06/2025,15/09/2025,15/09/2025,05/06/2025,NULL,N,2.4,3,May,Jun,ACTIVO,5,APROBADO
2025,2025,16925,16202502619,16202518653,16202518652,ICA,ICA,PISCO,PARACAS,LANCHAS,PARACAS,PISCO,MINAGRI-SENASA-DEICA,016-41453-01,2.5018E+11,JURIDICA,Citrus reticulata,"MANDARINA, fruto  fresco","W. MURCOTT (AFOURER, NADORCOTT)",MANDARINO,10,10,10,9.6,NULL,NULL,20/05/2025,03/06/2025,09/06/2025,20/10/2025,20/10/2025,05/06/2025,NULL,J,9.6,85,May,Jun,ACTIVO,0,APROBADO
2025,2025,16926,16202502620,16202518697,16202518696,ICA,ICA,ICA,SANTIAGO,BAJO,SANTIAGO,ICA,MINAGRI-SENASA-DEICA,016-53009-01,2.5018E+11,NATURAL,Lactuca sativa,"LECHUGA, semilla",NULL,NULL,2,1,1,250,NULL,NULL,27/05/2025,02/06/2025,23/11/2025,30/04/2026,01/06/2026,05/06/2025,NULL,N,150,400,May,Jun,ACTIVO,5,APROBADO
2025,2025,16926,16202502620,16202518697,16202518696,ICA,ICA,ICA,SANTIAGO,BAJO,SANTIAGO,ICA,MINAGRI-SENASA-DEICA,016-53009-01,2.5018E+11,NATURAL,Solanum  lycopersicum,"TOMATE, semilla",NULL,NULL,2,1,1,150,NULL,NULL,27/05/2025,02/06/2025,23/11/2025,30/04/2026,01/06/2026,05/06/2025,NULL,N,150,400,May,Jun,ACTIVO,5,APROBADO
2025,2025,16927,16202502621,16202518717,16202518716,ICA,ICA,CHINCHA,CHINCHA BAJA,SUR,CHINCHA BAJA,CHINCHA,MINAGRI-SENASA-DEICA,016-36924-01,2.5018E+11,JURIDICA,Citrus reticulata,"MANDARINA, fruto  fresco","W. MURCOTT (AFOURER, NADORCOTT)",MANDARINO,13,13,13,49.8,NULL,NULL,29/05/2025,04/06/2025,09/06/2025,30/09/2025,31/10/2025,05/06/2025,NULL,J,49.8,50,May,Jun,ACTIVO,0,APROBADO
2025,2025,16928,16202502622,16202518719,16202518718,ICA,ICA,CHINCHA,CHINCHA BAJA,SUR,CHINCHA BAJA,CHINCHA,MINAGRI-SENASA-DEICA,016-36924-01,2.5018E+11,JURIDICA,Persea americana,"PALTA, fruto fresco",HASS,PALTO,34.4,34.4,34.4,24.9,NULL,NULL,30/05/2025,04/06/2025,06/06/2025,30/09/2025,31/10/2025,05/06/2025,NULL,J,24.9,25,May,Jun,ACTIVO,0,APROBADO
2025,2025,16929,16202502623,16202518701,16202518700,ICA,ICA,CHINCHA,CHINCHA BAJA,SUR,CHINCHA BAJA,CHINCHA,MINAGRI-SENASA-DEICA,016-54151-01,2.5083E+11,NATURAL,Citrus reticulata,"MANDARINA, fruto  fresco",PRIMOSOLE,MANDARINO,16,4,4,0,NULL,NULL,28/05/2025,30/05/2025,27/05/2025,30/09/2025,31/10/2025,06/06/2025,NULL,N,56.45,145,May,Jun,ACTIVO,8,APROBADO
2025,2025,16929,16202502623,16202518701,16202518700,ICA,ICA,CHINCHA,CHINCHA BAJA,SUR,CHINCHA BAJA,CHINCHA,MINAGRI-SENASA-DEICA,016-54151-01,2.5083E+11,NATURAL,Citrus reticulata,"MANDARINA, fruto  fresco","W. MURCOTT (AFOURER, NADORCOTT)",MANDARINO,16,12,12,56.45,NULL,NULL,28/05/2025,30/05/2025,27/05/2025,30/09/2025,31/10/2025,06/06/2025,NULL,N,56.45,145,May,Jun,ACTIVO,8,APROBADO
2025,2025,16930,16202502624,16202518607,16202518606,ICA,ICA,CHINCHA,ALTO LARAN,CENTRO,ALTO LARAN,CHINCHA,MINAGRI-SENASA-DEICA,016-00296-20,2.5018E+11,JURIDICA,Citrus reticulata,"MANDARINA, fruto fresco.","W. MURCOTT (AFOURER, NADORCOTT)",MANDARINO,8,8,8,36,NULL,NULL,13/05/2025,30/05/2025,13/05/2025,31/12/2025,30/11/2025,06/06/2025,NULL,J,36,39,May,Jun,ACTIVO,0,APROBADO
2025,2025,16931,16202502625,16202518597,16202518596,ICA,ICA,CHINCHA,EL CARMEN,SUR,EL CARMEN,CHINCHA,MINAGRI-SENASA-DEICA,016-38276-01,2.5018E+11,JURIDICA,Citrus reticulata,"MANDARINA, fruto  fresco","W. MURCOTT (AFOURER, NADORCOTT)",MANDARINO,42,42,42,50.6,NULL,NULL,13/05/2025,27/05/2025,27/05/2025,31/10/2025,30/11/2025,06/06/2025,NULL,J,50.6,60,May,Jun,ACTIVO,0,APROBADO
2025,2025,16932,16202502626,16202518676,16202518675,ICA,ICA,CHINCHA,EL CARMEN,SUR,EL CARMEN,CHINCHA,MINAGRI-SENASA-DEICA,016-54152-01,2.5083E+11,NATURAL,Citrus reticulata,"MANDARINA, fruto  fresco","W. MURCOTT (AFOURER, NADORCOTT)",MANDARINO,2,2,2,50.04,NULL,NULL,23/05/2025,30/05/2025,01/06/2025,15/09/2025,30/10/2025,06/06/2025,NULL,N,50.04,35,May,Jun,ACTIVO,9,APROBADO
2025,2025,16933,16202502627,16202518704,16202518703,ICA,ICA,CHINCHA,CHINCHA BAJA,SUR,CHINCHA BAJA,CHINCHA,MINAGRI-SENASA-DEICA,016-41932-01,2.5083E+11,JURIDICA,Citrus reticulata,"MANDARINA, fruto  fresco","W. MURCOTT (AFOURER, NADORCOTT)",MANDARINO,6,6,6,45.78,NULL,NULL,28/05/2025,03/06/2025,02/06/2025,31/10/2025,31/10/2025,06/06/2025,NULL,J,45.78,40,May,Jun,ACTIVO,0,APROBADO
2025,2025,16934,16202502628,16202518647,16202518646,ICA,ICA,PISCO,PARACAS,LANCHAS,PARACAS,PISCO,MINAGRI-SENASA-DEICA,016-00079-03,2.5018E+11,JURIDICA,Citrus reticulata,"MANDARINA, fruto  fresco",ORRI,MANDARINO,36.2,36.2,36.2,50.5,NULL,NULL,20/05/2025,03/06/2025,09/06/2025,31/10/2025,31/10/2025,07/06/2025,NULL,J,50.5,50,May,Jun,ACTIVO,0,APROBADO
2025,2025,16935,16202502629,16202518752,16202518751,ICA,ICA,PISCO,SAN ANDRES,BAJO,SAN ANDRES,PISCO,MINAGRI-SENASA-DEICA,016-53718-01,2.5085E+11,JURIDICA,Asparagus officinalis,"ESPARRAGO, fresco",NULL,NULL,11,11,11,3.5,NULL,NULL,06/06/2025,06/06/2025,09/06/2025,10/08/2025,04/12/2025,07/06/2025,NULL,J,3.5,5,Jun,Jun,ACTIVO,0,APROBADO
2025,2025,16936,16202502630,16202518705,16202518704,ICA,ICA,CHINCHA,ALTO LARAN,CENTRO,ALTO LARAN,CHINCHA,MINAGRI-SENASA-DEICA,016-22984-02,2.5083E+11,JURIDICA,Citrus reticulata,"MANDARINA, fruto  fresco","W. MURCOTT (AFOURER, NADORCOTT)",MANDARINO,4,4,4,70,NULL,NULL,28/05/2025,03/06/2025,03/06/2025,31/10/2025,31/10/2025,07/06/2025,NULL,J,70,70,May,Jun,ACTIVO,0,APROBADO
2025,2025,16937,16202502631,16202518706,16202518705,ICA,ICA,CHINCHA,ALTO LARAN,CENTRO,ALTO LARAN,CHINCHA,MINAGRI-SENASA-DEICA,016-22984-01,2.5083E+11,JURIDICA,Citrus reticulata,"MANDARINA, fruto  fresco","W. MURCOTT (AFOURER, NADORCOTT)",MANDARINO,41,41,41,50,NULL,NULL,28/05/2025,03/06/2025,03/06/2025,31/10/2025,31/10/2025,07/06/2025,NULL,J,50,50,May,Jun,ACTIVO,0,APROBADO
2025,2025,16938,16202502632,16202518708,16202518707,ICA,ICA,CHINCHA,ALTO LARAN,CENTRO,ALTO LARAN,CHINCHA,MINAGRI-SENASA-DEICA,016-32936-02,2.5083E+11,JURIDICA,Citrus reticulata,"MANDARINA, fruto  fresco","W. MURCOTT (AFOURER, NADORCOTT)",MANDARINO,58.5,58.5,58.5,50,NULL,NULL,28/05/2025,03/06/2025,03/06/2025,31/10/2025,31/10/2025,07/06/2025,NULL,J,50,50,May,Jun,ACTIVO,0,APROBADO
2025,2025,16939,16202502633,16202518716,16202518715,ICA,ICA,ICA,SALAS,SUR,SUR,VILLACURI,MINAGRI-SENASA-DEICA,016-53086-01,2.5018E+11,JURIDICA,Vaccinium corymbosum,"ARANDANO, fruto fresco",ARANA,ARÁNDANO,63,17,17,32.2,NULL,NULL,29/05/2025,04/06/2025,05/06/2025,31/12/2025,31/12/2025,07/06/2025,NULL,J,97.66,94,May,Jun,ACTIVO,0,APROBADO
2025,2025,16939,16202502633,16202518716,16202518715,ICA,ICA,ICA,SALAS,SUR,SUR,VILLACURI,MINAGRI-SENASA-DEICA,016-53086-01,2.5018E+11,JURIDICA,Vaccinium corymbosum,"ARANDANO, fruto fresco",DRISBLUETWENTYSIX (RAYMI),ARÁNDANO,63,12,12,32.78,NULL,NULL,29/05/2025,04/06/2025,05/06/2025,31/12/2025,31/12/2025,07/06/2025,NULL,J,97.66,94,May,Jun,ACTIVO,0,APROBADO
2025,2025,16939,16202502633,16202518716,16202518715,ICA,ICA,ICA,SALAS,SUR,SUR,VILLACURI,MINAGRI-SENASA-DEICA,016-53086-01,2.5018E+11,JURIDICA,Vaccinium corymbosum,"ARANDANO, fruto fresco",DRISBLUETWENTYTHREE (ROSITA),ARÁNDANO,63,34,34,32.68,NULL,NULL,29/05/2025,04/06/2025,05/06/2025,31/12/2025,31/12/2025,07/06/2025,NULL,J,97.66,94,May,Jun,ACTIVO,0,APROBADO
2025,2025,16940,16202502634,16202518678,16202518677,ICA,ICA,CHINCHA,ALTO LARAN,CENTRO,ALTO LARAN,CHINCHA,MINAGRI-SENASA-DEICA,016-22991-01,2.5018E+11,JURIDICA,Citrus reticulata,"MANDARINA, fruto  fresco","W. MURCOTT (AFOURER, NADORCOTT)",MANDARINO,20,20,20,70.47,NULL,NULL,23/05/2025,03/06/2025,10/06/2025,16/12/2025,15/11/2025,07/06/2025,NULL,J,70.47,70,May,Jun,ACTIVO,0,APROBADO
2025,2025,16941,16202502635,16202518658,16202518657,ICA,ICA,CHINCHA,EL CARMEN,SUR,EL CARMEN,CHINCHA,MINAGRI-SENASA-DEICA,016-38754-02,2.5018E+11,JURIDICA,Citrus reticulata,"MANDARINA, fruto  fresco",TANGO,MANDARINO,13.58,7.27,7.27,63,NULL,NULL,21/05/2025,03/06/2025,26/05/2025,28/11/2025,30/09/2025,07/06/2025,NULL,J,127,120,May,Jun,ACTIVO,0,APROBADO
2025,2025,16941,16202502635,16202518658,16202518657,ICA,ICA,CHINCHA,EL CARMEN,SUR,EL CARMEN,CHINCHA,MINAGRI-SENASA-DEICA,016-38754-02,2.5018E+11,JURIDICA,Citrus reticulata,"MANDARINA, fruto  fresco","W. MURCOTT (AFOURER, NADORCOTT)",MANDARINO,13.58,6.31,6.31,64,NULL,NULL,21/05/2025,03/06/2025,26/05/2025,28/11/2025,30/09/2025,07/06/2025,NULL,J,127,120,May,Jun,ACTIVO,0,APROBADO
2025,2025,16942,16202502636,16202518646,16202518645,ICA,ICA,ICA,SALAS,SUR,SUR,VILLACURI,MINAGRI-SENASA-DEICA,016-38754-01,2.5018E+11,JURIDICA,Citrus reticulata,"MANDARINA, fruto  fresco","W. MURCOTT (AFOURER, NADORCOTT)",MANDARINO,13.8,13.8,13.8,62,NULL,NULL,20/05/2025,27/05/2025,02/06/2025,30/09/2025,31/08/2025,07/06/2025,NULL,J,62,60,May,Jun,ACTIVO,0,APROBADO
2025,2025,16943,16202502637,16202518655,16202518654,ICA,ICA,CHINCHA,ALTO LARAN,CENTRO,ALTO LARAN,CHINCHA,MINAGRI-SENASA-DEICA,016-05309-01,2.5018E+11,JURIDICA,Citrus reticulata,"MANDARINA, fruto  fresco","W. MURCOTT (AFOURER, NADORCOTT)",MANDARINO,6.5,6.5,6.5,51.34,NULL,NULL,20/05/2025,05/06/2025,16/06/2025,20/09/2025,31/10/2025,09/06/2025,NULL,J,51.34,50,May,Jun,ACTIVO,0,APROBADO
2025,2025,16944,16202502638,16202518683,16202518682,ICA,ICA,CHINCHA,CHINCHA BAJA,SUR,CHINCHA BAJA,CHINCHA,MINAGRI-SENASA-DEICA,016-22991-03,2.5018E+11,JURIDICA,Citrus reticulata,"MANDARINA, fruto  fresco",TANGO,MANDARINO,48.33,22,22,79.3,NULL,NULL,23/05/2025,03/06/2025,09/06/2025,16/12/2025,15/11/2025,09/06/2025,NULL,J,153.44,151,May,Jun,ACTIVO,0,APROBADO
2025,2025,16944,16202502638,16202518683,16202518682,ICA,ICA,CHINCHA,CHINCHA BAJA,SUR,CHINCHA BAJA,CHINCHA,MINAGRI-SENASA-DEICA,016-22991-03,2.5018E+11,JURIDICA,Citrus reticulata,"MANDARINA, fruto  fresco","W. MURCOTT (AFOURER, NADORCOTT)",MANDARINO,48.33,26.33,26.33,74.14,NULL,NULL,23/05/2025,03/06/2025,09/06/2025,16/12/2025,15/11/2025,09/06/2025,NULL,J,153.44,151,May,Jun,ACTIVO,0,APROBADO
2025,2025,16945,16202502639,16202518680,16202518679,ICA,ICA,CHINCHA,ALTO LARAN,CENTRO,ALTO LARAN,CHINCHA,MINAGRI-SENASA-DEICA,016-22991-02,2.5018E+11,JURIDICA,Citrus reticulata,"MANDARINA, fruto  fresco",TANGO,MANDARINO,22,22,22,72.12,NULL,NULL,23/05/2025,03/06/2025,09/06/2025,16/12/2025,15/11/2025,09/06/2025,NULL,J,72.12,68,May,Jun,ACTIVO,0,APROBADO
2025,2025,16946,16202502640,16202518666,16202518665,ICA,ICA,CHINCHA,CHINCHA BAJA,SUR,CHINCHA BAJA,CHINCHA,MINAGRI-SENASA-DEICA,016-00371-02,2.5018E+11,JURIDICA,Citrus reticulata,"MANDARINA, fruto  fresco","W. MURCOTT (AFOURER, NADORCOTT)",MANDARINO,28.24,28.24,28.24,48,NULL,NULL,22/05/2025,05/06/2025,26/05/2025,30/09/2025,31/10/2025,09/06/2025,NULL,J,48,45,May,Jun,ACTIVO,0,APROBADO
2025,2025,16947,16202502641,16202518682,16202518681,ICA,ICA,CHINCHA,CHINCHA BAJA,SUR,CHINCHA BAJA,CHINCHA,MINAGRI-SENASA-DEICA,016-22991-04,2.5018E+11,JURIDICA,Citrus reticulata,"MANDARINA, fruto  fresco",TANGO,MANDARINO,14,14,14,79.63,NULL,NULL,23/05/2025,03/06/2025,09/06/2025,16/12/2025,15/11/2025,09/06/2025,NULL,J,79.63,79,May,Jun,ACTIVO,0,APROBADO
2025,2025,16948,16202502642,16202518715,16202518714,ICA,ICA,PISCO,INDEPENDENCIA,MEDIO,INDEPENDENCIA,PISCO,MINAGRI-SENASA-DEICA,016-30905-01,2.5085E+11,NATURAL,Citrus reticulata,"MANDARINA, fruto  fresco","W. MURCOTT (AFOURER, NADORCOTT)",MANDARINO,1,1,1,50,NULL,NULL,29/05/2025,03/06/2025,15/06/2025,30/07/2025,31/10/2025,09/06/2025,NULL,N,50,40,May,Jun,ACTIVO,4,APROBADO
2025,2025,16949,16202502643,16202518684,16202518683,ICA,ICA,ICA,SAN JUAN BAUTISTA,ALTA,SAN JUAN BAUTISTA,ICA,MINAGRI-SENASA-DEICA,016-00939-01,2.5018E+11,JURIDICA,Carya illinoinensis,"PECANA, con cáscara secado al natural",MAHAN,PECANO,46,46,46,3.1,NULL,NULL,24/05/2025,30/05/2025,09/06/2025,09/12/2025,30/11/2025,09/06/2025,NULL,J,3.1,3.5,May,Jun,ACTIVO,0,APROBADO
2025,2025,16950,16202502644,16202518725,16202518724,ICA,ICA,CHINCHA,EL CARMEN,SUR,EL CARMEN,CHINCHA,MINAGRI-SENASA-DEICA,016-41983-02,2.5018E+11,JURIDICA,Vaccinium corymbosum,"ARANDANO, fruto fresco",FCM14-052 (SEKOYA POP),ARÁNDANO,17.46,17.46,17.46,40.69,NULL,NULL,30/05/2025,06/06/2025,09/06/2025,31/12/2025,31/12/2025,09/06/2025,NULL,J,40.69,40,May,Jun,ACTIVO,0,APROBADO
2025,2025,16951,16202502645,16202518687,16202518686,ICA,ICA,ICA,SALAS,NORTE,NORTE,VILLACURI,MINAGRI-SENASA-DEICA,016-00541-01,2.5018E+11,JURIDICA,Citrus reticulata,"MANDARINA, fruto  fresco","W. MURCOTT (AFOURER, NADORCOTT)",MANDARINO,74,74,74,55,-13.89150458,-75.99182703,26/05/2025,05/06/2025,10/06/2025,18/10/2025,31/10/2025,09/06/2025,NULL,J,55,42,May,Jun,ACTIVO,0,APROBADO
2025,2025,16952,16202502646,16202518640,16202518639,ICA,ICA,PISCO,PARACAS,LANCHAS,PARACAS,PISCO,MINAGRI-SENASA-DEICA,016-41658-01,2.5085E+11,JURIDICA,Vaccinium corymbosum,"ARANDANO, fruto fresco",FCM14-057,ARÁNDANO,8,8,8,19,NULL,NULL,19/05/2025,02/06/2025,26/05/2025,31/12/2025,31/12/2025,10/06/2025,NULL,J,19,18,May,Jun,ACTIVO,0,APROBADO
2025,2025,16953,16202502647,16202518727,16202518726,ICA,ICA,CHINCHA,EL CARMEN,SUR,EL CARMEN,CHINCHA,MINAGRI-SENASA-DEICA,016-41983-05,2.5018E+11,JURIDICA,Vaccinium corymbosum,"ARANDANO, fruto fresco",FCM14-052 (SEKOYA POP),ARÁNDANO,35.03,35.03,35.03,39.9,NULL,NULL,30/05/2025,06/06/2025,09/06/2025,31/12/2025,31/12/2025,10/06/2025,NULL,J,39.9,40,May,Jun,ACTIVO,0,APROBADO
2025,2025,16954,16202502648,16202518709,16202518708,ICA,ICA,CHINCHA,CHINCHA BAJA,SUR,CHINCHA BAJA,CHINCHA,MINAGRI-SENASA-DEICA,016-32936-01,2.5083E+11,JURIDICA,Citrus reticulata,"MANDARINA, fruto  fresco","W. MURCOTT (AFOURER, NADORCOTT)",MANDARINO,17,17,17,29.97,NULL,NULL,28/05/2025,05/06/2025,03/06/2025,31/10/2025,31/10/2025,10/06/2025,NULL,J,29.97,30,May,Jun,ACTIVO,0,APROBADO
2025,2025,16955,16202502649,16202518659,16202518658,ICA,ICA,CHINCHA,CHINCHA BAJA,SUR,CHINCHA BAJA,CHINCHA,MINAGRI-SENASA-DEICA,016-05309-03,2.5018E+11,JURIDICA,Citrus reticulata,"MANDARINA, fruto  fresco","W. MURCOTT (AFOURER, NADORCOTT)",MANDARINO,36,36,36,60.33,NULL,NULL,21/05/2025,05/06/2025,16/06/2025,19/09/2025,31/10/2025,10/06/2025,NULL,J,60.33,60,May,Jun,ACTIVO,0,APROBADO
2025,2025,16956,16202502650,16202518648,16202518647,ICA,ICA,PISCO,PARACAS,LANCHAS,PARACAS,PISCO,MINAGRI-SENASA-DEICA,016-00079-11,2.5018E+11,JURIDICA,Citrus reticulata,"MANDARINA, fruto  fresco",ORRI,MANDARINO,71.62,71.62,71.62,66.05,NULL,NULL,20/05/2025,03/06/2025,09/06/2025,31/10/2025,31/10/2025,11/06/2025,NULL,J,66.05,65,May,Jun,ACTIVO,0,APROBADO
2025,2025,16957,16202502651,16202518649,16202518648,ICA,ICA,PISCO,PARACAS,LANCHAS,PARACAS,PISCO,MINAGRI-SENASA-DEICA,016-00079-09,2.5018E+11,JURIDICA,Citrus reticulata,"MANDARINA, fruto  fresco",ORRI,MANDARINO,16.6,16.6,16.6,55.2,NULL,NULL,20/05/2025,03/06/2025,09/06/2025,31/10/2025,31/10/2025,11/06/2025,NULL,J,55.2,55,May,Jun,ACTIVO,0,APROBADO
2025,2025,16958,16202502652,16202518726,16202518725,ICA,ICA,CHINCHA,EL CARMEN,SUR,EL CARMEN,CHINCHA,MINAGRI-SENASA-DEICA,016-41983-03,2.5018E+11,JURIDICA,Vaccinium corymbosum,"ARANDANO, fruto fresco",FCM14-052 (SEKOYA POP),ARÁNDANO,7.12,7.12,7.12,38.16,NULL,NULL,30/05/2025,06/06/2025,09/06/2025,31/12/2025,31/12/2025,11/06/2025,NULL,J,38.16,40,May,Jun,ACTIVO,0,APROBADO
2025,2025,16959,16202502653,16202518669,16202518668,ICA,ICA,ICA,SANTIAGO,BAJO,SANTIAGO,ICA,MINAGRI-SENASA-DEICA,016-54195-01,2.5018E+11,JURIDICA,Carya illinoinensis,"PECANA, con cáscara secado al natural",MAHAN,PECANO,3,3,3,0.7,NULL,NULL,22/05/2025,04/06/2025,10/08/2024,30/05/2025,30/11/2025,11/06/2025,NULL,J,0.7,0.17,May,Jun,ACTIVO,0,APROBADO
2025,2025,16960,16202502654,16202518724,16202518723,ICA,ICA,CHINCHA,EL CARMEN,SUR,EL CARMEN,CHINCHA,MINAGRI-SENASA-DEICA,016-41983-01,2.5018E+11,JURIDICA,Vaccinium corymbosum,"ARANDANO, fruto fresco",BB15-214PO-3 (DIVINE),ARÁNDANO,8.57,3.1,3.1,42.49,NULL,NULL,30/05/2025,06/06/2025,09/06/2025,31/12/2025,31/12/2025,11/06/2025,NULL,J,428.52,400,May,Jun,ACTIVO,0,APROBADO
2025,2025,16960,16202502654,16202518724,16202518723,ICA,ICA,CHINCHA,EL CARMEN,SUR,EL CARMEN,CHINCHA,MINAGRI-SENASA-DEICA,016-41983-01,2.5018E+11,JURIDICA,Vaccinium corymbosum,"ARANDANO, fruto fresco",BILOXI,ARÁNDANO,8.57,1.24,1.24,43.74,NULL,NULL,30/05/2025,06/06/2025,09/06/2025,31/12/2025,31/12/2025,11/06/2025,NULL,J,428.52,400,May,Jun,ACTIVO,0,APROBADO
2025,2025,16960,16202502654,16202518724,16202518723,ICA,ICA,CHINCHA,EL CARMEN,SUR,EL CARMEN,CHINCHA,MINAGRI-SENASA-DEICA,016-41983-01,2.5018E+11,JURIDICA,Vaccinium corymbosum,"ARANDANO, fruto fresco",FCM14-052 (SEKOYA POP),ARÁNDANO,8.57,0.13,0.13,41.24,NULL,NULL,30/05/2025,06/06/2025,09/06/2025,31/12/2025,31/12/2025,11/06/2025,NULL,J,428.52,400,May,Jun,ACTIVO,0,APROBADO
2025,2025,16960,16202502654,16202518724,16202518723,ICA,ICA,CHINCHA,EL CARMEN,SUR,EL CARMEN,CHINCHA,MINAGRI-SENASA-DEICA,016-41983-01,2.5018E+11,JURIDICA,Vaccinium corymbosum,"ARANDANO, fruto fresco",HT-73 (BB14-232PT-2) (MILAGRO),ARÁNDANO,8.57,0.63,0.63,43.31,NULL,NULL,30/05/2025,06/06/2025,09/06/2025,31/12/2025,31/12/2025,11/06/2025,NULL,J,428.52,400,May,Jun,ACTIVO,0,APROBADO
2025,2025,16960,16202502654,16202518724,16202518723,ICA,ICA,CHINCHA,EL CARMEN,SUR,EL CARMEN,CHINCHA,MINAGRI-SENASA-DEICA,016-41983-01,2.5018E+11,JURIDICA,Vaccinium corymbosum,"ARANDANO, fruto fresco",HT-76,ARÁNDANO,8.57,0.63,0.63,42.66,NULL,NULL,30/05/2025,06/06/2025,09/06/2025,31/12/2025,31/12/2025,11/06/2025,NULL,J,428.52,400,May,Jun,ACTIVO,0,APROBADO
2025,2025,16960,16202502654,16202518724,16202518723,ICA,ICA,CHINCHA,EL CARMEN,SUR,EL CARMEN,CHINCHA,MINAGRI-SENASA-DEICA,016-41983-01,2.5018E+11,JURIDICA,Vaccinium corymbosum,"ARANDANO, fruto fresco",HT-78 (BB14-321NA-1) (IMPERIAL),ARÁNDANO,8.57,0.63,0.63,42.62,NULL,NULL,30/05/2025,06/06/2025,09/06/2025,31/12/2025,31/12/2025,11/06/2025,NULL,J,428.52,400,May,Jun,ACTIVO,0,APROBADO
2025,2025,16960,16202502654,16202518724,16202518723,ICA,ICA,CHINCHA,EL CARMEN,SUR,EL CARMEN,CHINCHA,MINAGRI-SENASA-DEICA,016-41983-01,2.5018E+11,JURIDICA,Vaccinium corymbosum,"ARANDANO, fruto fresco",HT-115,ARÁNDANO,8.57,0.63,0.63,43.31,NULL,NULL,30/05/2025,06/06/2025,09/06/2025,31/12/2025,31/12/2025,11/06/2025,NULL,J,428.52,400,May,Jun,ACTIVO,0,APROBADO
2025,2025,16960,16202502654,16202518724,16202518723,ICA,ICA,CHINCHA,EL CARMEN,SUR,EL CARMEN,CHINCHA,MINAGRI-SENASA-DEICA,016-41983-01,2.5018E+11,JURIDICA,Vaccinium corymbosum,"ARANDANO, fruto fresco",MATIAS,ARÁNDANO,8.57,0.13,0.13,43.91,NULL,NULL,30/05/2025,06/06/2025,09/06/2025,31/12/2025,31/12/2025,11/06/2025,NULL,J,428.52,400,May,Jun,ACTIVO,0,APROBADO
2025,2025,16960,16202502654,16202518724,16202518723,ICA,ICA,CHINCHA,EL CARMEN,SUR,EL CARMEN,CHINCHA,MINAGRI-SENASA-DEICA,016-41983-01,2.5018E+11,JURIDICA,Vaccinium corymbosum,"ARANDANO, fruto fresco",SALVADOR,ARÁNDANO,8.57,0.13,0.13,41.33,NULL,NULL,30/05/2025,06/06/2025,09/06/2025,31/12/2025,31/12/2025,11/06/2025,NULL,J,428.52,400,May,Jun,ACTIVO,0,APROBADO
2025,2025,16960,16202502654,16202518724,16202518723,ICA,ICA,CHINCHA,EL CARMEN,SUR,EL CARMEN,CHINCHA,MINAGRI-SENASA-DEICA,016-41983-01,2.5018E+11,JURIDICA,Vaccinium corymbosum,"ARANDANO, fruto fresco",VENTURA,ARÁNDANO,8.57,1.32,1.32,43.91,NULL,NULL,30/05/2025,06/06/2025,09/06/2025,31/12/2025,31/12/2025,11/06/2025,NULL,J,428.52,400,May,Jun,ACTIVO,0,APROBADO
2025,2025,16961,16202502655,16202518656,16202518655,ICA,ICA,CHINCHA,CHINCHA BAJA,SUR,CHINCHA BAJA,CHINCHA,MINAGRI-SENASA-DEICA,016-05309-02,2.5018E+11,JURIDICA,Citrus reticulata,"MANDARINA, fruto  fresco","W. MURCOTT (AFOURER, NADORCOTT)",MANDARINO,8.5,8.5,8.5,42.1,NULL,NULL,20/05/2025,05/06/2025,16/06/2025,20/09/2025,31/10/2025,11/06/2025,NULL,J,42.1,40,May,Jun,ACTIVO,0,APROBADO
2025,2025,16962,16202502656,16202518721,16202518720,ICA,ICA,CHINCHA,EL CARMEN,SUR,EL CARMEN,CHINCHA,MINAGRI-SENASA-DEICA,016-00276-02,2.5018E+11,JURIDICA,Citrus reticulata,"MANDARINA, fruto fresco.","W. MURCOTT (AFOURER, NADORCOTT)",MANDARINO,3.3,3.3,3.3,31.64,NULL,NULL,30/05/2025,10/06/2025,05/06/2025,30/08/2025,31/10/2025,11/06/2025,NULL,J,31.64,32,May,Jun,ACTIVO,0,APROBADO
2025,2025,16963,16202502657,16202518722,16202518721,ICA,ICA,PISCO,TUPAC AMARU INCA,BAJO,TUPAC AMARU,PISCO,MINAGRI-SENASA-DEICA,016-54215-01,2.5085E+11,NATURAL,Citrus reticulata,"MANDARINA, fruto  fresco","W. MURCOTT (AFOURER, NADORCOTT)",MANDARINO,1.5,1.5,1.5,33,NULL,NULL,30/05/2025,03/06/2025,01/06/2025,30/08/2025,31/10/2025,11/06/2025,NULL,N,33,30,May,Jun,ACTIVO,3,APROBADO
2025,2025,16964,16202502658,16202518695,16202518694,ICA,ICA,ICA,PACHACUTEC,MEDIA,PACHACUTEC,ICA,MINAGRI-SENASA-DEICA,016-25201-01,2.5018E+11,JURIDICA,Carya illinoinensis,"PECANA, con cáscara secado al natural",MAHAN,PECANO,34,34,34,2.4,NULL,NULL,27/05/2025,06/06/2025,09/06/2025,09/12/2025,06/12/2025,11/06/2025,NULL,J,2.4,2.5,May,Jun,ACTIVO,0,APROBADO
2025,2025,16965,16202502659,16202518696,16202518695,ICA,ICA,ICA,PACHACUTEC,MEDIA,PACHACUTEC,ICA,MINAGRI-SENASA-DEICA,016-25201-02,2.5018E+11,JURIDICA,Carya illinoinensis,"PECANA, con cáscara secado al natural",MAHAN,PECANO,16,90,16,1.8,NULL,NULL,27/05/2025,06/06/2025,09/06/2025,09/12/2025,06/12/2025,11/06/2025,NULL,J,1.8,2,May,Jun,ACTIVO,0,APROBADO
2025,2025,16966,16202502660,16202518747,16202518746,ICA,ICA,ICA,SALAS,SUR,SUR,VILLACURI,MINAGRI-SENASA-DEICA,016-38731-01,2.5018E+11,JURIDICA,Vaccinium corymbosum,"ARANDANO, fruto fresco",ARANA,ARÁNDANO,5.56,0.5,0.5,33.6,NULL,NULL,05/06/2025,09/06/2025,09/06/2025,31/12/2025,31/12/2025,11/06/2025,NULL,J,143.55,130,Jun,Jun,ACTIVO,0,APROBADO
2025,2025,16966,16202502660,16202518747,16202518746,ICA,ICA,ICA,SALAS,SUR,SUR,VILLACURI,MINAGRI-SENASA-DEICA,016-38731-01,2.5018E+11,JURIDICA,Vaccinium corymbosum,"ARANDANO, fruto fresco",DRISBLUETWENTYSIX (RAYMI),ARÁNDANO,5.56,0.4,0.4,31.5,NULL,NULL,05/06/2025,09/06/2025,09/06/2025,31/12/2025,31/12/2025,11/06/2025,NULL,J,143.55,130,Jun,Jun,ACTIVO,0,APROBADO
2025,2025,16966,16202502660,16202518747,16202518746,ICA,ICA,ICA,SALAS,SUR,SUR,VILLACURI,MINAGRI-SENASA-DEICA,016-38731-01,2.5018E+11,JURIDICA,Vaccinium corymbosum,"ARANDANO, fruto fresco",DRISBLUETWENTYTHREE (ROSITA),ARÁNDANO,5.56,0.5,0.5,36.45,NULL,NULL,05/06/2025,09/06/2025,09/06/2025,31/12/2025,31/12/2025,11/06/2025,NULL,J,143.55,130,Jun,Jun,ACTIVO,0,APROBADO
2025,2025,16966,16202502660,16202518747,16202518746,ICA,ICA,ICA,SALAS,SUR,SUR,VILLACURI,MINAGRI-SENASA-DEICA,016-38731-01,2.5018E+11,JURIDICA,Vaccinium corymbosum,"ARANDANO, fruto fresco",VENTURA,ARÁNDANO,5.56,4.16,4.16,42,NULL,NULL,05/06/2025,09/06/2025,09/06/2025,31/12/2025,31/12/2025,11/06/2025,NULL,J,143.55,130,Jun,Jun,ACTIVO,0,APROBADO
2025,2025,16967,16202502661,16202518707,16202518706,ICA,ICA,CHINCHA,ALTO LARAN,CENTRO,ALTO LARAN,CHINCHA,MINAGRI-SENASA-DEICA,016-32936-02,2.5083E+11,JURIDICA,Citrus reticulata,"MANDARINA, fruto  fresco",TANGO,MANDARINO,27,27,27,60,NULL,NULL,28/05/2025,03/06/2025,03/06/2025,31/10/2025,31/10/2025,11/06/2025,NULL,J,60,60,May,Jun,ACTIVO,0,APROBADO
2025,2025,16968,16202502662,16202518686,16202518685,ICA,ICA,CHINCHA,ALTO LARAN,CENTRO,ALTO LARAN,CHINCHA,MINAGRI-SENASA-DEICA,016-38742-02,2.5018E+11,NATURAL,Citrus reticulata,"MANDARINA, fruto  fresco","W. MURCOTT (AFOURER, NADORCOTT)",MANDARINO,2.58,2.58,2.58,62.91,NULL,NULL,26/05/2025,10/06/2025,09/05/2025,15/09/2025,31/10/2025,11/06/2025,NULL,N,62.91,63,May,Jun,ACTIVO,0,APROBADO
2025,2025,16969,16202502663,16202518574,16202518573,ICA,ICA,ICA,PUEBLO NUEVO,MEDIA,PUEBLO NUEVO,ICA,MINAGRI-SENASA-DEICA,016-01019-01,2.5018E+11,JURIDICA,Carya illinoinensis,"PECANA, con cáscara secado al natural",MAHAN,PECANO,15,15,15,1.5,-14.12111234,-75.71416089,09/05/2025,04/06/2025,10/06/2025,31/07/2025,31/12/2025,11/06/2025,NULL,J,1.5,1.5,May,Jun,ACTIVO,0,APROBADO
2025,2025,16970,16202502664,16202518690,16202518689,ICA,ICA,PISCO,HUMAY,ALTO,HUMAY,PISCO,MINAGRI-SENASA-DEICA,016-40858-01,2.5085E+11,NATURAL,Citrus reticulata,"MANDARINA, fruto  fresco","W. MURCOTT (AFOURER, NADORCOTT)",MANDARINO,2,2,2,46,NULL,NULL,26/05/2025,03/06/2025,01/06/2025,30/07/2025,31/10/2025,12/06/2025,NULL,N,46,40,May,Jun,ACTIVO,4,APROBADO
2025,2025,16971,16202502665,16202518631,16202518630,ICA,ICA,CHINCHA,EL CARMEN,SUR,EL CARMEN,CHINCHA,MINAGRI-SENASA-DEICA,016-53793-01,2.5018E+11,JURIDICA,Citrus reticulata,"MANDARINA, fruto  fresco","W. MURCOTT (AFOURER, NADORCOTT)",MANDARINO,21.5,21.5,21.5,50,NULL,NULL,19/05/2025,10/06/2025,16/06/2025,31/10/2025,30/11/2025,12/06/2025,NULL,J,50,40,May,Jun,ACTIVO,0,APROBADO
2025,2025,16972,16202502666,16202518657,16202518656,ICA,ICA,ICA,SALAS,SUR,SUR,VILLACURI,MINAGRI-SENASA-DEICA,016-38754-01,2.5018E+11,JURIDICA,Vaccinium corymbosum,"ARANDANO, fruto fresco",FCM14-052 (SEKOYA POP),ARÁNDANO,199.99,99.54,99.54,23,NULL,NULL,21/05/2025,27/05/2025,26/05/2025,27/02/2026,28/02/2026,12/06/2025,NULL,J,68,66,May,Jun,ACTIVO,0,APROBADO
2025,2025,16972,16202502666,16202518657,16202518656,ICA,ICA,ICA,SALAS,SUR,SUR,VILLACURI,MINAGRI-SENASA-DEICA,016-38754-01,2.5018E+11,JURIDICA,Vaccinium corymbosum,"ARANDANO, fruto fresco",PLABLUE 15.02 (MADEIRA),ARÁNDANO,199.99,77.2,77.2,23,NULL,NULL,21/05/2025,27/05/2025,26/05/2025,27/02/2026,28/02/2026,12/06/2025,NULL,J,68,66,May,Jun,ACTIVO,0,APROBADO
2025,2025,16972,16202502666,16202518657,16202518656,ICA,ICA,ICA,SALAS,SUR,SUR,VILLACURI,MINAGRI-SENASA-DEICA,016-38754-01,2.5018E+11,JURIDICA,Vaccinium corymbosum,"ARANDANO, fruto fresco",PLABLUE 15.45 (MANILA),ARÁNDANO,199.99,23.25,23.25,22,NULL,NULL,21/05/2025,27/05/2025,26/05/2025,27/02/2026,28/02/2026,12/06/2025,NULL,J,68,66,May,Jun,ACTIVO,0,APROBADO
2025,2025,16973,16202502667,16202518711,16202518710,ICA,ICA,PISCO,HUMAY,ALTO,HUMAY,PISCO,MINAGRI-SENASA-DEICA,016-27055-01,2.5085E+11,NATURAL,Citrus reticulata,"MANDARINA, fruto  fresco","W. MURCOTT (AFOURER, NADORCOTT)",MANDARINO,2.22,2.22,2.22,40,NULL,NULL,28/05/2025,03/06/2025,05/06/2025,30/07/2025,31/10/2025,12/06/2025,NULL,N,40,30,May,Jun,ACTIVO,3,APROBADO
2025,2025,16974,16202502668,16202518751,16202518750,ICA,ICA,CHINCHA,EL CARMEN,SUR,EL CARMEN,CHINCHA,MINAGRI-SENASA-DEICA,016-47011-01,2.5083E+11,NATURAL,Citrus reticulata,"MANDARINA, fruto  fresco","W. MURCOTT (AFOURER, NADORCOTT)",MANDARINO,1,1,1,45.34,NULL,NULL,06/06/2025,11/06/2025,06/06/2025,31/08/2025,31/10/2025,12/06/2025,NULL,N,45.34,40,Jun,Jun,ACTIVO,8,APROBADO
2025,2025,16975,16202502669,16202518694,16202518693,ICA,ICA,CHINCHA,EL CARMEN,SUR,EL CARMEN,CHINCHA,MINAGRI-SENASA-DEICA,016-36870-01,2.5083E+11,JURIDICA,Citrus reticulata,"MANDARINA, fruto fresco.","W. MURCOTT (AFOURER, NADORCOTT)",MANDARINO,30,30,30,65.2,NULL,NULL,27/05/2025,11/06/2025,11/06/2025,30/11/2025,30/11/2025,12/06/2025,NULL,J,65.2,"1,800.00",May,Jun,ACTIVO,0,APROBADO
2025,2025,16976,16202502670,16202518626,16202518625,ICA,ICA,PISCO,SAN CLEMENTE,BAJO,SAN CLEMENTE,PISCO,MINAGRI-SENASA-DEICA,016-38522-01,2.5085E+11,JURIDICA,Citrus reticulata,"MANDARINA, fruto fresco.","W. MURCOTT (AFOURER, NADORCOTT)",MANDARINO,25,25,25,50,NULL,NULL,15/05/2025,10/06/2025,23/06/2025,20/09/2025,30/11/2025,12/06/2025,NULL,J,50,40,May,Jun,ACTIVO,0,APROBADO
2025,2025,16977,16202502671,16202518757,16202518756,ICA,ICA,ICA,SALAS,NORTE,NORTE,VILLACURI,MINAGRI-SENASA-DEICA,016-38657-02,2.5018E+11,JURIDICA,Asparagus officinalis,"ESPARRAGO, fresco",NULL,NULL,50,50,50,21,NULL,NULL,09/06/2025,10/06/2025,13/06/2025,12/06/2026,10/12/2025,12/06/2025,NULL,J,21,22,Jun,Jun,ACTIVO,0,APROBADO
2025,2025,16978,16202502672,16202518742,16202518741,ICA,ICA,CHINCHA,EL CARMEN,SUR,EL CARMEN,CHINCHA,MINAGRI-SENASA-DEICA,016-13988-01,2.5083E+11,NATURAL,Citrus reticulata,"MANDARINA, fruto  fresco","W. MURCOTT (AFOURER, NADORCOTT)",MANDARINO,2.5,2.5,2.5,38.65,NULL,NULL,05/06/2025,11/06/2025,05/06/2025,31/07/2025,31/10/2025,12/06/2025,NULL,N,38.65,90,Jun,Jun,ACTIVO,8,APROBADO
2025,2025,16979,16202502673,16202518667,16202518666,ICA,ICA,CHINCHA,CHINCHA BAJA,SUR,CHINCHA BAJA,CHINCHA,MINAGRI-SENASA-DEICA,016-00371-02,2.5018E+11,JURIDICA,Citrus reticulata,"MANDARINA, fruto  fresco",ORRI,MANDARINO,18.94,18.94,18.94,40.36,NULL,NULL,22/05/2025,05/06/2025,15/06/2025,30/09/2025,31/10/2025,12/06/2025,NULL,J,40.36,40,May,Jun,ACTIVO,0,APROBADO
2025,2025,16980,16202502674,16202518731,16202518730,ICA,ICA,PISCO,INDEPENDENCIA,MEDIO,INDEPENDENCIA,PISCO,MINAGRI-SENASA-DEICA,016-37617-01,2.5085E+11,NATURAL,Citrus reticulata,"MANDARINA, fruto  fresco","W. MURCOTT (AFOURER, NADORCOTT)",MANDARINO,4,4,4,40,NULL,NULL,03/06/2025,11/06/2025,09/06/2025,30/08/2025,31/10/2025,12/06/2025,NULL,N,40,40,Jun,Jun,ACTIVO,4,APROBADO
2025,2025,16981,16202502675,16202518736,16202518735,ICA,ICA,PISCO,INDEPENDENCIA,MEDIO,INDEPENDENCIA,PISCO,MINAGRI-SENASA-DEICA,016-40771-01,2.5085E+11,NATURAL,Citrus reticulata,"MANDARINA, fruto  fresco","W. MURCOTT (AFOURER, NADORCOTT)",MANDARINO,4,4,4,58,NULL,NULL,03/06/2025,11/06/2025,09/06/2025,30/08/2025,31/10/2025,12/06/2025,NULL,N,58,60,Jun,Jun,ACTIVO,3,APROBADO
2025,2025,16982,16202502676,16202518730,16202518729,ICA,ICA,PISCO,INDEPENDENCIA,MEDIO,INDEPENDENCIA,PISCO,MINAGRI-SENASA-DEICA,016-30509-01,2.5085E+11,NATURAL,Citrus reticulata,"MANDARINA, fruto  fresco","W. MURCOTT (AFOURER, NADORCOTT)",MANDARINO,4,4,4,60,NULL,NULL,03/06/2025,11/06/2025,09/06/2025,30/08/2025,31/10/2025,12/06/2025,NULL,N,60,65,Jun,Jun,ACTIVO,3,APROBADO
2025,2025,16983,16202502677,16202518732,16202518731,ICA,ICA,PISCO,INDEPENDENCIA,MEDIO,INDEPENDENCIA,PISCO,MINAGRI-SENASA-DEICA,016-40770-01,2.5085E+11,NATURAL,Citrus reticulata,"MANDARINA, fruto  fresco","W. MURCOTT (AFOURER, NADORCOTT)",MANDARINO,4,4,4,58,NULL,NULL,03/06/2025,11/06/2025,09/06/2025,30/08/2025,31/10/2025,12/06/2025,NULL,N,58,60,Jun,Jun,ACTIVO,4,APROBADO
2025,2025,16984,16202502678,16202518748,16202518747,ICA,ICA,CHINCHA,EL CARMEN,SUR,EL CARMEN,CHINCHA,MINAGRI-SENASA-DEICA,016-51234-01,2.5083E+11,NATURAL,Citrus reticulata,"MANDARINA, fruto  fresco","W. MURCOTT (AFOURER, NADORCOTT)",MANDARINO,1,1,1,28,NULL,NULL,05/06/2025,12/06/2025,10/06/2025,30/09/2025,30/09/2025,12/06/2025,NULL,N,28,30,Jun,Jun,ACTIVO,7,APROBADO
2025,2025,16985,16202502679,16202518734,16202518733,ICA,ICA,PISCO,INDEPENDENCIA,MEDIO,INDEPENDENCIA,PISCO,MINAGRI-SENASA-DEICA,016-38158-01,2.5085E+11,NATURAL,Citrus reticulata,"MANDARINA, fruto  fresco","W. MURCOTT (AFOURER, NADORCOTT)",MANDARINO,4,4,4,55,NULL,NULL,03/06/2025,11/06/2025,09/06/2025,30/08/2025,31/10/2025,12/06/2025,NULL,N,55,40,Jun,Jun,ACTIVO,4,APROBADO
2025,2025,16986,16202502680,16202518737,16202518736,ICA,ICA,PISCO,INDEPENDENCIA,MEDIO,INDEPENDENCIA,PISCO,MINAGRI-SENASA-DEICA,016-40769-01,2.5085E+11,NATURAL,Citrus reticulata,"MANDARINA, fruto  fresco","W. MURCOTT (AFOURER, NADORCOTT)",MANDARINO,4,4,4,55,NULL,NULL,03/06/2025,11/06/2025,09/06/2025,30/08/2025,31/10/2025,12/06/2025,NULL,N,55,40,Jun,Jun,ACTIVO,4,APROBADO
2025,2025,16987,16202502681,16202518746,16202518745,ICA,ICA,CHINCHA,EL CARMEN,SUR,EL CARMEN,CHINCHA,MINAGRI-SENASA-DEICA,016-40097-01,2.5083E+11,NATURAL,Citrus reticulata,"MANDARINA, fruto  fresco","W. MURCOTT (AFOURER, NADORCOTT)",MANDARINO,4,4,4,42,NULL,NULL,05/06/2025,12/06/2025,10/06/2025,30/09/2025,30/09/2025,12/06/2025,NULL,N,42,45,Jun,Jun,ACTIVO,7,APROBADO
2025,2025,16988,16202502682,16202518733,16202518732,ICA,ICA,PISCO,INDEPENDENCIA,MEDIO,INDEPENDENCIA,PISCO,MINAGRI-SENASA-DEICA,016-31044-01,2.5085E+11,NATURAL,Citrus reticulata,"MANDARINA, fruto  fresco","W. MURCOTT (AFOURER, NADORCOTT)",MANDARINO,4,4,4,60,NULL,NULL,03/06/2025,11/06/2025,09/06/2025,30/08/2025,31/10/2025,12/06/2025,NULL,N,60,65,Jun,Jun,ACTIVO,4,APROBADO
2025,2025,16989,16202502683,16202518735,16202518734,ICA,ICA,PISCO,INDEPENDENCIA,MEDIO,INDEPENDENCIA,PISCO,MINAGRI-SENASA-DEICA,016-30508-01,2.5085E+11,NATURAL,Citrus reticulata,"MANDARINA, fruto  fresco","W. MURCOTT (AFOURER, NADORCOTT)",MANDARINO,4,4,4,52,NULL,NULL,03/06/2025,11/06/2025,09/06/2025,30/08/2025,31/10/2025,12/06/2025,NULL,N,52,40,Jun,Jun,ACTIVO,3,APROBADO
2025,2025,16990,16202502684,16202518756,16202518755,ICA,ICA,ICA,SALAS,SUR,SUR,VILLACURI,MINAGRI-SENASA-DEICA,016-03036-02,2.5018E+11,NATURAL,Asparagus officinalis,"ESPARRAGO, fresco",NULL,NULL,22,22,22,20,NULL,NULL,09/06/2025,10/06/2025,13/06/2025,12/06/2026,10/12/2025,12/06/2025,NULL,N,20,22,Jun,Jun,ACTIVO,0,APROBADO
2025,2025,16991,16202502685,16202518681,16202518680,ICA,ICA,ICA,SANTIAGO,BAJO,SANTIAGO,ICA,MINAGRI-SENASA-DEICA,016-00559-05,2.5018E+11,JURIDICA,Asparagus officinalis,"ESPARRAGO, fresco",NULL,NULL,40.58,40.58,40.58,13.99,NULL,NULL,23/05/2025,27/05/2025,18/06/2025,31/12/2025,15/01/2026,15/06/2025,NULL,J,13.99,13,May,Jun,ACTIVO,0,APROBADO
2025,2025,16992,16202502686,16202518766,16202518765,ICA,ICA,CHINCHA,GROCIO PRADO,NORTE,GROCIO PRADO,CHINCHA,MINAGRI-SENASA-DEICA,016-41818-01,2.5018E+11,JURIDICA,Citrus reticulata,"MANDARINA, fruto  fresco","W. MURCOTT (AFOURER, NADORCOTT)",MANDARINO,18,18,18,29.18,NULL,NULL,11/06/2025,14/06/2025,16/06/2025,28/07/2025,30/09/2025,15/06/2025,NULL,J,29.18,30,Jun,Jun,ACTIVO,0,APROBADO
2025,2025,16993,16202502687,16202518729,16202518728,ICA,ICA,PISCO,INDEPENDENCIA,MEDIO,INDEPENDENCIA,PISCO,MINAGRI-SENASA-DEICA,016-53043-01,2.5085E+11,JURIDICA,Citrus reticulata,"MANDARINA, fruto  fresco","W. MURCOTT (AFOURER, NADORCOTT)",MANDARINO,60,60,60,22,NULL,NULL,03/06/2025,13/06/2025,16/06/2025,22/09/2025,31/10/2025,15/06/2025,NULL,J,22,25,Jun,Jun,ACTIVO,0,APROBADO
2025,2025,16994,16202502688,16202518650,16202518649,ICA,ICA,PISCO,INDEPENDENCIA,MEDIO,INDEPENDENCIA,PISCO,MINAGRI-SENASA-DEICA,016-41996-01,2.5085E+11,JURIDICA,Citrus reticulata,"MANDARINA, fruto  fresco","W. MURCOTT (AFOURER, NADORCOTT)",MANDARINO,14.9,14.9,14.9,43,NULL,NULL,20/05/2025,06/06/2025,09/06/2025,15/09/2025,31/10/2025,15/06/2025,NULL,J,43,40,May,Jun,ACTIVO,0,APROBADO
2025,2025,16995,16202502689,16202518689,16202518688,ICA,ICA,CHINCHA,EL CARMEN,SUR,EL CARMEN,CHINCHA,MINAGRI-SENASA-DEICA,016-38828-01,2.5083E+11,NATURAL,Citrus reticulata,"MANDARINA, fruto  fresco","W. MURCOTT (AFOURER, NADORCOTT)",MANDARINO,1.73,1.73,1.73,49.56,NULL,NULL,26/05/2025,10/06/2025,02/06/2025,30/10/2025,31/10/2025,15/06/2025,NULL,N,49.56,40,May,Jun,ACTIVO,8,APROBADO
2025,2025,16996,16202502690,16202518700,16202518699,ICA,ICA,CHINCHA,EL CARMEN,SUR,EL CARMEN,CHINCHA,MINAGRI-SENASA-DEICA,016-54214-01,2.5083E+11,NATURAL,Citrus reticulata,"MANDARINA, fruto  fresco","W. MURCOTT (AFOURER, NADORCOTT)",MANDARINO,2,2,2,40.32,NULL,NULL,28/05/2025,10/06/2025,16/06/2025,31/08/2025,30/09/2025,15/06/2025,NULL,N,40.32,40,May,Jun,ACTIVO,8,APROBADO
2025,2025,16997,16202502691,16202518712,16202518711,ICA,ICA,CHINCHA,EL CARMEN,SUR,EL CARMEN,CHINCHA,MINAGRI-SENASA-DEICA,016-40087-01,2.5083E+11,NATURAL,Citrus reticulata,"MANDARINA, fruto  fresco","W. MURCOTT (AFOURER, NADORCOTT)",MANDARINO,2,2,2,46.17,NULL,NULL,28/05/2025,10/06/2025,20/06/2025,30/07/2025,30/09/2025,15/06/2025,NULL,N,46.17,40,May,Jun,ACTIVO,8,APROBADO
2025,2025,16998,16202502692,16202518702,16202518701,ICA,ICA,CHINCHA,EL CARMEN,SUR,EL CARMEN,CHINCHA,MINAGRI-SENASA-DEICA,016-40167-01,2.5083E+11,NATURAL,Citrus reticulata,"MANDARINA, fruto  fresco","W. MURCOTT (AFOURER, NADORCOTT)",MANDARINO,1.35,1.35,1.35,30.1,NULL,NULL,28/05/2025,10/06/2025,06/06/2025,15/09/2025,30/09/2025,16/06/2025,NULL,N,30.1,35,May,Jun,ACTIVO,9,APROBADO
2025,2025,16999,16202502693,16202518720,16202518719,ICA,ICA,ICA,SALAS,NORTE,NORTE,VILLACURI,MINAGRI-SENASA-DEICA,016-38372-01,2.5018E+11,JURIDICA,Citrus  x tangelo(=C. reticulata xparadisi),"TANGELO, fruto fresco",MINNEOLA y/o ORLANDO,TANGELO,46.7,20,20,56.78,NULL,NULL,30/05/2025,12/06/2025,16/06/2025,13/09/2025,31/10/2025,16/06/2025,NULL,J,158.27,150,May,Jun,ACTIVO,0,APROBADO
2025,2025,16999,16202502693,16202518720,16202518719,ICA,ICA,ICA,SALAS,NORTE,NORTE,VILLACURI,MINAGRI-SENASA-DEICA,016-38372-01,2.5018E+11,JURIDICA,Citrus reticulata,"MANDARINA, fruto  fresco",TANGO,MANDARINO,46.7,23,23,49.42,NULL,NULL,30/05/2025,12/06/2025,16/06/2025,13/09/2025,31/10/2025,16/06/2025,NULL,J,158.27,150,May,Jun,ACTIVO,0,APROBADO
2025,2025,16999,16202502693,16202518720,16202518719,ICA,ICA,ICA,SALAS,NORTE,NORTE,VILLACURI,MINAGRI-SENASA-DEICA,016-38372-01,2.5018E+11,JURIDICA,Citrus reticulata,"MANDARINA, fruto  fresco","W. MURCOTT (AFOURER, NADORCOTT)",MANDARINO,46.7,3.7,3.7,52.07,NULL,NULL,30/05/2025,12/06/2025,16/06/2025,13/09/2025,31/10/2025,16/06/2025,NULL,J,158.27,150,May,Jun,ACTIVO,0,APROBADO
2025,2025,17000,16202502694,16202518750,16202518749,ICA,ICA,ICA,SANTIAGO,BAJO,SANTIAGO,ICA,MINAGRI-SENASA-DEICA,016-38610-12,2.5018E+11,JURIDICA,Vaccinium corymbosum,"ARANDANO, fruto fresco",EMERALD,ARÁNDANO,31.59,35.92,31.59,36,NULL,NULL,05/06/2025,10/06/2025,29/05/2025,12/02/2026,31/01/2026,16/06/2025,NULL,J,36,36,Jun,Jun,ACTIVO,0,APROBADO
2025,2025,17001,16202502695,16202518692,16202518691,ICA,ICA,ICA,SANTIAGO,BAJO,SANTIAGO,ICA,MINAGRI-SENASA-DEICA,016-00278-17,2.5018E+11,JURIDICA,Citrus reticulata,"MANDARINA, fruto  fresco","W. MURCOTT (AFOURER, NADORCOTT)",MANDARINO,23.24,23.24,23.24,94.72,NULL,NULL,27/05/2025,11/06/2025,23/06/2025,27/08/2025,30/09/2025,16/06/2025,NULL,J,94.72,100,May,Jun,ACTIVO,0,APROBADO
2025,2025,17002,16202502696,16202518749,16202518748,ICA,ICA,ICA,SANTIAGO,BAJO,SANTIAGO,ICA,MINAGRI-SENASA-DEICA,016-38610-11,2.5018E+11,JURIDICA,Vaccinium corymbosum,"ARANDANO, fruto fresco",EMERALD,ARÁNDANO,47.2,56.75,47.2,36,NULL,NULL,05/06/2025,10/06/2025,29/05/2025,12/02/2026,31/01/2026,17/06/2025,NULL,J,36,36,Jun,Jun,ACTIVO,0,APROBADO
2025,2025,17003,16202502697,16202518710,16202518709,ICA,ICA,CHINCHA,EL CARMEN,SUR,EL CARMEN,CHINCHA,MINAGRI-SENASA-DEICA,016-08007-01,2.5083E+11,NATURAL,Citrus reticulata,"MANDARINA, fruto  fresco","W. MURCOTT (AFOURER, NADORCOTT)",MANDARINO,2,2,2,40.04,NULL,NULL,28/05/2025,10/06/2025,20/06/2025,30/07/2025,30/09/2025,17/06/2025,NULL,N,40.04,39,May,Jun,ACTIVO,8,APROBADO
2025,2025,17004,16202502698,16202518718,16202518717,ICA,ICA,ICA,SUBTANJALLA,ALTA,SUBTANJALLA,ICA,MINAGRI-SENASA-DEICA,016-38538-01,2.5018E+11,JURIDICA,Carya illinoinensis,"PECANA, con cáscara secado al natural",MAHAN,PECANO,5.5,5.5,5.5,1.2,NULL,NULL,29/05/2025,12/06/2025,16/06/2025,16/12/2025,12/12/2025,17/06/2025,NULL,J,1.2,2,May,Jun,ACTIVO,0,APROBADO
2025,2025,17005,16202502699,16202518761,16202518760,ICA,ICA,PISCO,TUPAC AMARU INCA,BAJO,TUPAC AMARU,PISCO,MINAGRI-SENASA-DEICA,016-39973-03,2.5018E+11,JURIDICA,Asparagus officinalis,"ESPARRAGO, fresco",NULL,NULL,30,30,30,13.06,NULL,NULL,10/06/2025,12/06/2025,12/06/2025,15/01/2026,10/12/2025,17/06/2025,NULL,J,13.06,13,Jun,Jun,ACTIVO,0,APROBADO
2025,2025,17006,16202502700,16202518691,16202518690,ICA,ICA,ICA,SANTIAGO,BAJO,SANTIAGO,ICA,MINAGRI-SENASA-DEICA,016-00278-03,2.5018E+11,JURIDICA,Citrus reticulata,"MANDARINA, fruto  fresco",TANGO,MANDARINO,10,10,10,77.65,-14.21978606,-75.70278223,27/05/2025,11/06/2025,21/06/2025,21/08/2025,30/09/2025,17/06/2025,NULL,J,77.65,100,May,Jun,ACTIVO,0,APROBADO
2025,2025,17007,16202502701,16202518744,16202518743,ICA,ICA,ICA,LA TINGUIÑA,ALTA,TINGUÑA,ICA,MINAGRI-SENASA-DEICA,016-40657-03,2.5018E+11,NATURAL,Carya illinoinensis,"PECANA, con cáscara secado al natural",S/N,PECANO,14,14,14,2.5,NULL,NULL,05/06/2025,10/06/2025,01/07/2025,31/07/2025,30/04/2026,17/06/2025,NULL,N,2.5,"2,000.00",Jun,Jun,ACTIVO,8,APROBADO
2025,2025,17008,16202502702,16202518679,16202518678,ICA,ICA,ICA,SALAS,SUR,SUR,VILLACURI,MINAGRI-SENASA-DEICA,016-00559-01,2.5018E+11,JURIDICA,Asparagus officinalis,"ESPARRAGO, fresco",NULL,NULL,81.5,81.5,81.5,13.5,-13.95041146,-75.79028343,23/05/2025,27/05/2025,20/06/2025,30/12/2025,30/12/2025,17/06/2025,NULL,J,13.5,13,May,Jun,ACTIVO,0,APROBADO
2025,2025,17009,16202502703,16202518743,16202518742,ICA,ICA,ICA,SANTIAGO,BAJO,SANTIAGO,ICA,MINAGRI-SENASA-DEICA,016-40657-05,2.5018E+11,NATURAL,Carya illinoinensis,"PECANA, con cáscara secado al natural",S/N,PECANO,30,30,30,1,NULL,NULL,05/06/2025,10/06/2025,16/06/2025,31/07/2025,30/05/2026,18/06/2025,NULL,N,1,"2,000.00",Jun,Jun,ACTIVO,8,APROBADO
2025,2025,17010,16202502704,16202518745,16202518744,ICA,ICA,ICA,ICA,MEDIA,URBANO,ICA,MINAGRI-SENASA-DEICA,016-40657-04,2.5018E+11,NATURAL,Carya illinoinensis,"PECANA, con cáscara secado al natural",S/N,PECANO,20,20,20,2.7,NULL,NULL,05/06/2025,10/06/2025,01/07/2025,31/07/2025,30/04/2026,18/06/2025,NULL,N,2.7,"2,000.00",Jun,Jun,ACTIVO,8,APROBADO
2025,2025,17011,16202502705,16202518739,16202518738,ICA,ICA,PISCO,HUMAY,ALTO,HUMAY,PISCO,MINAGRI-SENASA-DEICA,016-40774-01,2.5085E+11,NATURAL,Citrus reticulata,"MANDARINA, fruto  fresco","W. MURCOTT (AFOURER, NADORCOTT)",MANDARINO,2.83,2.83,2.83,52,NULL,NULL,03/06/2025,13/06/2025,16/06/2025,30/08/2025,31/10/2025,18/06/2025,NULL,N,52,70,Jun,Jun,ACTIVO,4,APROBADO
2025,2025,17012,16202502706,16202518755,16202518754,ICA,ICA,PISCO,HUMAY,ALTO,HUMAY,PISCO,MINAGRI-SENASA-DEICA,016-40972-01,2.5085E+11,NATURAL,Citrus reticulata,"MANDARINA, fruto  fresco","W. MURCOTT (AFOURER, NADORCOTT)",MANDARINO,2.4,2.4,2.4,36,NULL,NULL,09/06/2025,13/06/2025,15/06/2025,30/08/2025,31/10/2025,18/06/2025,NULL,N,36,40,Jun,Jun,ACTIVO,4,APROBADO
2025,2025,17013,16202502707,16202518738,16202518737,ICA,ICA,PISCO,HUMAY,ALTO,HUMAY,PISCO,MINAGRI-SENASA-DEICA,016-54219-01,2.5085E+11,NATURAL,Citrus reticulata,"MANDARINA, fruto  fresco","W. MURCOTT (AFOURER, NADORCOTT)",MANDARINO,1.93,1.93,1.93,44,NULL,NULL,03/06/2025,13/06/2025,15/06/2025,30/08/2025,31/10/2025,19/06/2025,NULL,N,44,20,Jun,Jun,ACTIVO,4,APROBADO
2025,2025,17014,16202502708,16202518782,16202518781,ICA,ICA,PISCO,HUMAY,ALTO,HUMAY,PISCO,MINAGRI-SENASA-DEICA,016-40364-02,2.5018E+11,JURIDICA,Vaccinium corymbosum,"ARANDANO, fruto fresco",NS 15-13 (OZBLU DINA),ARÁNDANO,9.7,9.7,9.7,23,NULL,NULL,13/06/2025,17/06/2025,18/06/2025,30/04/2026,30/04/2026,19/06/2025,NULL,J,23,28,Jun,Jun,ACTIVO,0,APROBADO
2025,2025,17015,16202502709,16202518758,16202518757,ICA,ICA,CHINCHA,CHINCHA BAJA,SUR,CHINCHA BAJA,CHINCHA,MINAGRI-SENASA-DEICA,016-30580-02,2.5018E+11,JURIDICA,Citrus reticulata,"MANDARINA, fruto  fresco",ORRI,MANDARINO,29,29,29,49,NULL,NULL,09/06/2025,17/06/2025,23/06/2025,12/09/2025,30/09/2025,19/06/2025,NULL,J,49,45,Jun,Jun,ACTIVO,0,APROBADO
2025,2025,17016,16202502710,16202518740,16202518739,ICA,ICA,PISCO,HUMAY,ALTO,HUMAY,PISCO,MINAGRI-SENASA-DEICA,016-40775-01,2.5085E+11,NATURAL,Citrus reticulata,"MANDARINA, fruto  fresco","W. MURCOTT (AFOURER, NADORCOTT)",MANDARINO,3.5,3.5,3.5,41,NULL,NULL,03/06/2025,13/06/2025,16/06/2025,30/08/2025,31/10/2025,19/06/2025,NULL,N,41,40,Jun,Jun,ACTIVO,4,APROBADO
2025,2025,17017,16202502711,16202518741,16202518740,ICA,ICA,NAZCA,VISTA ALEGRE,VISTA ALEGRE,TARUGA,NAZCA,MINAGRI-SENASA-DEICA,016-38678-01,2.5018E+11,JURIDICA,Asparagus officinalis,"ESPARRAGO, fresco",NULL,NULL,56.36,3.84,3.84,7.6,NULL,NULL,04/06/2025,13/06/2025,16/06/2025,03/10/2025,30/10/2025,19/06/2025,NULL,J,15.2,14,Jun,Jun,ACTIVO,0,APROBADO
2025,2025,17017,16202502711,16202518741,16202518740,ICA,ICA,NAZCA,VISTA ALEGRE,VISTA ALEGRE,TARUGA,NAZCA,MINAGRI-SENASA-DEICA,016-38678-01,2.5018E+11,JURIDICA,Asparagus officinalis,"ESPARRAGO, fresco",NULL,NULL,56.36,52.52,52.52,7.6,NULL,NULL,04/06/2025,13/06/2025,16/06/2025,03/10/2025,30/10/2025,19/06/2025,NULL,J,15.2,14,Jun,Jun,ACTIVO,0,APROBADO
2025,2025,17018,16202502712,16202518784,16202518783,ICA,ICA,PISCO,HUMAY,ALTO,HUMAY,PISCO,MINAGRI-SENASA-DEICA,016-41805-01,2.5085E+11,NATURAL,Citrus reticulata,"MANDARINA, fruto  fresco","W. MURCOTT (AFOURER, NADORCOTT)",MANDARINO,1.69,1.69,1.69,46,NULL,NULL,16/06/2025,13/06/2025,16/06/2025,30/06/2025,31/10/2025,20/06/2025,NULL,N,46,50,Jun,Jun,ACTIVO,4,APROBADO
2025,2025,17019,16202502713,16202518795,16202518794,ICA,ICA,CHINCHA,CHINCHA BAJA,SUR,CHINCHA BAJA,CHINCHA,MINAGRI-SENASA-DEICA,016-32936-01,2.5018E+11,JURIDICA,Persea americana,"PALTA, fruto fresco",HASS,PALTO,12,12,12,20,NULL,NULL,18/06/2025,21/06/2025,21/06/2025,31/10/2025,31/10/2025,21/06/2025,NULL,J,20,20,Jun,Jun,ACTIVO,0,APROBADO
2025,2025,17020,16202502714,16202518776,16202518775,ICA,ICA,PALPA,PALPA,PALPA,PALPA,PALPA,MINAGRI-SENASA-DEICA,016-00273-08,2.5018E+11,JURIDICA,Citrus reticulata,"MANDARINA, fruto  fresco",ORRI,MANDARINO,53.7,53.7,53.7,33.82,NULL,NULL,12/06/2025,19/06/2025,16/06/2025,31/10/2025,30/11/2025,21/06/2025,NULL,J,33.82,30,Jun,Jun,ACTIVO,0,APROBADO
2025,2025,17021,16202502715,16202518800,16202518799,ICA,ICA,ICA,LA TINGUIÑA,ALTA,TINGUÑA,ICA,MINAGRI-SENASA-DEICA,016-41080-01,2.5018E+11,JURIDICA,Cucurbita pepo,"ZAPALLITO ITALIANO (CALABACIN), semilla",NULL,NULL,3.2,3.2,3.2,0.7,NULL,NULL,19/06/2025,20/06/2025,01/08/2025,30/09/2026,20/06/2026,23/06/2025,NULL,J,0.7,0.7,Jun,Jun,ACTIVO,0,APROBADO
2025,2025,17022,16202502716,16202518775,16202518774,ICA,ICA,PALPA,PALPA,PALPA,PALPA,PALPA,MINAGRI-SENASA-DEICA,016-00273-07,2.5018E+11,JURIDICA,Citrus reticulata,"MANDARINA, fruto  fresco",ORRI,MANDARINO,4.79,4.79,4.79,32.62,NULL,NULL,12/06/2025,19/06/2025,16/06/2025,31/10/2025,30/11/2025,23/06/2025,NULL,J,32.62,30,Jun,Jun,ACTIVO,0,APROBADO
2025,2025,17023,16202502717,16202518786,16202518785,ICA,ICA,PISCO,PARACAS,LANCHAS,PARACAS,PISCO,MINAGRI-SENASA-DEICA,016-35418-01,2.5018E+11,JURIDICA,Citrus reticulata,"MANDARINA, fruto  fresco","W. MURCOTT (AFOURER, NADORCOTT)",MANDARINO,47.44,47.44,47.44,32.32,NULL,NULL,16/06/2025,19/06/2025,21/06/2025,31/10/2025,31/10/2025,23/06/2025,NULL,J,32.32,30,Jun,Jun,ACTIVO,0,APROBADO
2025,2025,17024,16202502718,16202518787,16202518786,ICA,ICA,ICA,SAN JOSE DE LOS MOLINOS,ALTA,LOS MOLINOS,ICA,MINAGRI-SENASA-DEICA,016-00747-53,2.5018E+11,JURIDICA,Vaccinium corymbosum,"ARANDANO, fruto fresco",EB 9-2,ARÁNDANO,34.1,34.1,34.1,36,NULL,NULL,16/06/2025,20/06/2025,24/06/2025,15/02/2026,28/02/2026,23/06/2025,NULL,J,36,35.5,Jun,Jun,ACTIVO,0,APROBADO
2025,2025,17025,16202502719,16202518788,16202518787,ICA,ICA,ICA,LA TINGUIÑA,ALTA,TINGUÑA,ICA,MINAGRI-SENASA-DEICA,016-00747-50,2.5018E+11,JURIDICA,Vaccinium corymbosum,"ARANDANO, fruto fresco",EB 9-2,ARÁNDANO,90.53,90.53,90.53,41.5,NULL,NULL,16/06/2025,21/06/2025,24/06/2025,15/02/2026,15/02/2026,23/06/2025,NULL,J,41.5,41.5,Jun,Jun,ACTIVO,0,APROBADO
2025,2025,17026,16202502720,16202518753,16202518752,ICA,ICA,ICA,SANTIAGO,BAJO,SANTIAGO,ICA,MINAGRI-SENASA-DEICA,016-53991-01,2.5018E+11,NATURAL,Citrus reticulata,"MANDARINA, fruto fresco.","W. MURCOTT (AFOURER, NADORCOTT)",MANDARINO,3,3,3,12.15,NULL,NULL,06/06/2025,23/06/2025,01/07/2025,31/07/2025,31/10/2025,23/06/2025,NULL,N,12.15,"3,000.00",Jun,Jun,ACTIVO,7,APROBADO
2025,2025,17027,16202502721,16202518660,16202518659,ICA,ICA,ICA,PUEBLO NUEVO,MEDIA,PUEBLO NUEVO,ICA,MINAGRI-SENASA-DEICA,016-02125-03,2.5018E+11,JURIDICA,Persea americana,"PALTA, fruto fresco",HASS,PALTO,53,53.33,53,18,-14.12275796,-75.68298212,21/05/2025,06/06/2025,16/06/2025,30/10/2025,31/10/2025,23/06/2025,NULL,J,18,18,May,Jun,ACTIVO,0,APROBADO
2025,2025,17028,16202502722,16202518791,16202518790,ICA,ICA,ICA,SANTIAGO,BAJO,SANTIAGO,ICA,MINAGRI-SENASA-DEICA,016-54074-02,2.5018E+11,NATURAL,Asparagus officinalis,"ESPARRAGO, fresco",NULL,NULL,0.37,0.37,0.37,3,NULL,NULL,17/06/2025,20/06/2025,23/05/2025,19/07/2025,31/08/2025,23/06/2025,NULL,N,3,9,Jun,Jun,ACTIVO,4,APROBADO
2025,2025,17029,16202502723,16202518781,16202518780,ICA,ICA,ICA,SALAS,NORTE,NORTE,VILLACURI,MINAGRI-SENASA-DEICA,016-02285-01,2.5018E+11,JURIDICA,Citrus reticulata,"MANDARINA, fruto  fresco","W. MURCOTT (AFOURER, NADORCOTT)",MANDARINO,64,64,64,65,-13.85804906,-75.96575743,13/06/2025,20/06/2025,23/06/2025,15/11/2025,31/10/2025,24/06/2025,NULL,J,65,"65,000.00",Jun,Jun,ACTIVO,0,APROBADO
2025,2025,17030,16202502724,16202518777,16202518776,ICA,ICA,ICA,SALAS,NORTE,NORTE,VILLACURI,MINAGRI-SENASA-DEICA,016-38290-01,2.5018E+11,JURIDICA,Citrus reticulata,"MANDARINA, fruto  fresco","W. MURCOTT (AFOURER, NADORCOTT)",MANDARINO,10.37,10.37,10.37,14.34,NULL,NULL,12/06/2025,18/06/2025,16/06/2025,31/10/2025,31/10/2025,24/06/2025,NULL,J,14.34,13,Jun,Jun,ACTIVO,0,APROBADO
2025,2025,17031,16202502725,16202518799,16202518798,ICA,ICA,ICA,SALAS,SUR,SUR,VILLACURI,MINAGRI-SENASA-DEICA,016-38437-07,2.5018E+11,JURIDICA,Asparagus officinalis,"ESPARRAGO, fresco",NULL,NULL,9,42,9,10.2,NULL,NULL,18/06/2025,19/06/2025,18/06/2025,17/06/2026,31/12/2025,24/06/2025,NULL,J,10.2,22,Jun,Jun,ACTIVO,0,APROBADO
2025,2025,17032,16202502726,16202518759,16202518758,ICA,ICA,CHINCHA,CHINCHA BAJA,SUR,CHINCHA BAJA,CHINCHA,MINAGRI-SENASA-DEICA,016-04070-01,2.5018E+11,JURIDICA,Citrus reticulata,"MANDARINA, fruto  fresco",TANGO,MANDARINO,23,15,15,60,NULL,NULL,09/06/2025,21/06/2025,23/06/2025,30/10/2025,31/10/2025,24/06/2025,NULL,J,112.08,110,Jun,Jun,ACTIVO,0,APROBADO
2025,2025,17032,16202502726,16202518759,16202518758,ICA,ICA,CHINCHA,CHINCHA BAJA,SUR,CHINCHA BAJA,CHINCHA,MINAGRI-SENASA-DEICA,016-04070-01,2.5018E+11,JURIDICA,Citrus reticulata,"MANDARINA, fruto  fresco","W. MURCOTT (AFOURER, NADORCOTT)",MANDARINO,23,8,8,52.08,NULL,NULL,09/06/2025,21/06/2025,23/06/2025,30/10/2025,31/10/2025,24/06/2025,NULL,J,112.08,110,Jun,Jun,ACTIVO,0,APROBADO
2025,2025,17033,16202502727,16202518801,16202518800,ICA,ICA,PALPA,PALPA,PALPA,PALPA,PALPA,MINAGRI-SENASA-DEICA,016-40200-01,2.5018E+11,JURIDICA,Persea americana,"PALTA, fruto fresco",HASS,PALTO,16,16,16,12.64,NULL,NULL,19/06/2025,24/06/2025,23/06/2025,31/07/2025,30/09/2025,25/06/2025,NULL,J,12.64,12,Jun,Jun,ACTIVO,0,APROBADO
2025,2025,17034,16202502728,16202518794,16202518793,ICA,ICA,PISCO,PARACAS,LANCHAS,PARACAS,PISCO,MINAGRI-SENASA-DEICA,016-35418-01,2.5018E+11,JURIDICA,Citrus ×paradisi,"TORONJA, fruto fresco",STAR RUBI,TORONJA,107.57,107.57,107.57,48.22,NULL,NULL,17/06/2025,21/06/2025,21/06/2025,31/10/2025,15/11/2025,25/06/2025,NULL,J,48.22,48,Jun,Jun,ACTIVO,0,APROBADO
2025,2025,17035,16202502729,16202518789,16202518788,ICA,ICA,ICA,LA TINGUIÑA,ALTA,TINGUÑA,ICA,MINAGRI-SENASA-DEICA,016-00747-49,2.5018E+11,JURIDICA,Vaccinium corymbosum,"ARANDANO, fruto fresco",EB 9-2,ARÁNDANO,2.94,2.94,2.94,42,NULL,NULL,16/06/2025,24/06/2025,24/06/2025,15/02/2026,02/02/2026,25/06/2025,NULL,J,42,42,Jun,Jun,ACTIVO,0,APROBADO
2025,2025,17036,16202502730,16202518790,16202518789,ICA,ICA,ICA,LA TINGUIÑA,ALTA,TINGUÑA,ICA,MINAGRI-SENASA-DEICA,016-00747-41,2.5018E+11,JURIDICA,Vaccinium corymbosum,"ARANDANO, fruto fresco",EB 9-2,ARÁNDANO,16.43,16.43,16.43,41,NULL,NULL,16/06/2025,24/06/2025,24/06/2025,15/02/2026,15/02/2026,25/06/2025,NULL,J,41,41,Jun,Jun,ACTIVO,0,APROBADO
2025,2025,17037,16202502731,16202518760,16202518759,ICA,ICA,ICA,SALAS,NORTE,NORTE,VILLACURI,MINAGRI-SENASA-DEICA,016-00747-48,2.5018E+11,JURIDICA,Citrus reticulata,"MANDARINA, fruto  fresco",TANGO,MANDARINO,30.77,30.77,30.77,63.1,NULL,NULL,09/06/2025,24/06/2025,30/06/2025,31/10/2025,30/11/2025,25/06/2025,NULL,J,63.1,65,Jun,Jun,ACTIVO,0,APROBADO
2025,2025,17038,16202502732,16202518796,16202518795,ICA,ICA,CHINCHA,CHINCHA BAJA,SUR,CHINCHA BAJA,CHINCHA,MINAGRI-SENASA-DEICA,016-41932-01,2.5018E+11,JURIDICA,Persea americana,"PALTA, fruto fresco",HASS,PALTO,24,24,24,19.33,NULL,NULL,18/06/2025,25/06/2025,21/06/2025,31/10/2025,15/11/2025,25/06/2025,NULL,J,19.33,20,Jun,Jun,ACTIVO,0,APROBADO
2025,2025,17039,16202502733,16202518764,16202518763,ICA,ICA,ICA,SALAS,SUR,SUR,VILLACURI,MINAGRI-SENASA-DEICA,016-00747-46,2.5018E+11,JURIDICA,Citrus reticulata,"MANDARINA, fruto  fresco",MURCOTT,MANDARINO,85.09,9.88,9.88,64.3,NULL,NULL,10/06/2025,24/06/2025,30/06/2025,31/10/2025,30/11/2025,25/06/2025,NULL,J,131.3,130,Jun,Jun,ACTIVO,0,APROBADO
2025,2025,17039,16202502733,16202518764,16202518763,ICA,ICA,ICA,SALAS,SUR,SUR,VILLACURI,MINAGRI-SENASA-DEICA,016-00747-46,2.5018E+11,JURIDICA,Citrus reticulata,"MANDARINA, fruto  fresco",TANGO,MANDARINO,85.09,75.21,75.21,67,NULL,NULL,10/06/2025,24/06/2025,30/06/2025,31/10/2025,30/11/2025,25/06/2025,NULL,J,131.3,130,Jun,Jun,ACTIVO,0,APROBADO
2025,2025,17040,16202502734,16202518812,16202518811,ICA,ICA,ICA,SANTIAGO,BAJO,SANTIAGO,ICA,MINAGRI-SENASA-DEICA,016-53097-02,2.5018E+11,JURIDICA,Asparagus officinalis,"ESPARRAGO, fresco",NULL,NULL,10,10,10,13.28,NULL,NULL,21/06/2025,24/06/2025,04/07/2025,27/02/2026,31/01/2026,27/06/2025,NULL,J,13.28,13,Jun,Jun,ACTIVO,0,APROBADO
2025,2025,17041,16202502735,16202518805,16202518804,ICA,ICA,ICA,SANTIAGO,BAJO,SANTIAGO,ICA,MINAGRI-SENASA-DEICA,016-54231-01,2.5018E+11,JURIDICA,Carya illinoinensis,"PECANA, con cáscara secado al natural",MAHAN,PECANO,48.98,48.98,48.98,3,NULL,NULL,19/06/2025,25/06/2025,25/06/2025,31/12/2025,31/12/2025,27/06/2025,NULL,J,3,3.5,Jun,Jun,ACTIVO,0,APROBADO
2025,2025,17042,16202502736,16202518754,16202518753,ICA,ICA,ICA,SALAS,SUR,SUR,VILLACURI,MINAGRI-SENASA-DEICA,016-00553-01,2.5018E+11,JURIDICA,Citrus  x tangelo(=C. reticulata xparadisi),"TANGELO, fruto fresco",MINNEOLA y/o ORLANDO,TANGELO,14,14,14,72,-13.94021809,-75.87847518,06/06/2025,25/06/2025,25/06/2025,04/09/2025,31/10/2025,27/06/2025,NULL,J,72,70,Jun,Jun,ACTIVO,0,APROBADO
2025,2025,17043,16202502737,16202518772,16202518771,ICA,ICA,PALPA,LLIPATA,LLIPATA,LLIPATA,PALPA,MINAGRI-SENASA-DEICA,016-00273-12,2.5018E+11,JURIDICA,Citrus reticulata,"MANDARINA, fruto  fresco",ORRI,MANDARINO,17.1,17.1,17.1,33.77,NULL,NULL,12/06/2025,25/06/2025,16/06/2025,31/10/2025,30/11/2025,27/06/2025,NULL,J,33.77,30,Jun,Jun,ACTIVO,0,APROBADO
2025,2025,17044,16202502738,16202518773,16202518772,ICA,ICA,PALPA,LLIPATA,LLIPATA,LLIPATA,PALPA,MINAGRI-SENASA-DEICA,016-00273-10,2.5018E+11,JURIDICA,Citrus reticulata,"MANDARINA, fruto  fresco",ORRI,MANDARINO,28.12,28.12,28.12,27.84,NULL,NULL,12/06/2025,25/06/2025,16/06/2025,31/10/2025,30/11/2025,27/06/2025,NULL,J,27.84,30,Jun,Jun,ACTIVO,0,APROBADO
2025,2025,17045,16202502739,16202518774,16202518773,ICA,ICA,PALPA,LLIPATA,PALPA,PALPA,PALPA,MINAGRI-SENASA-DEICA,016-00273-13,2.5018E+11,JURIDICA,Citrus reticulata,"MANDARINA, fruto  fresco",ORRI,MANDARINO,42.2,42.2,42.2,44.11,NULL,NULL,12/06/2025,25/06/2025,16/06/2025,31/10/2025,30/11/2025,27/06/2025,NULL,J,44.11,30,Jun,Jun,ACTIVO,0,APROBADO
2025,2025,17046,16202502740,16202518822,16202518821,ICA,ICA,ICA,SAN JOSE DE LOS MOLINOS,ALTA,LOS MOLINOS,ICA,MINAGRI-SENASA-DEICA,016-00505-01,2.5018E+11,NATURAL,Carya illinoinensis,"PECANA, con cáscara secado al natural",MAHAN,PECANO,1,1,1,1.2,NULL,NULL,26/06/2025,27/06/2025,30/06/2025,31/07/2025,31/12/2025,30/06/2025,NULL,N,1.2,1,Jun,Jun,ACTIVO,5,APROBADO
